p_val	avg_log2FC	pct.1	pct.2	p_val_adj	cluster	gene
0	3.61704877237653	0.333	0.033	0	0	LEF1
0	2.97155177097129	0.321	0.039	0	0	MAL
0	2.5262547456348	0.511	0.098	0	0	CCR7
0	2.28480307321187	0.705	0.197	0	0	IL7R
0	2.27724090985092	0.466	0.123	0	0	TCF7
0	2.24660866725823	0.26	0.061	0	0	FLT3LG
0	2.06086988679441	0.328	0.072	0	0	TRAT1
0	2.01902271346414	0.627	0.175	0	0	GIMAP7
0	1.95667809910079	0.553	0.184	0	0	PIK3IP1
0	1.92098369333726	0.501	0.158	0	0	SELL
0	1.7703441224197	0.474	0.263	0	0	NOSIP
0	1.73364916360598	0.323	0.12	0	0	GIMAP1
0	1.70845091467869	0.536	0.215	0	0	GIMAP4
0	1.65888488410859	0.933	0.32	0	0	TRAC
0	1.61198931384349	0.815	0.256	0	0	CD3E
0	1.59461376354881	0.542	0.157	0	0	CD3G
1.08343018656577e-233	1.58756392010862	0.293	0.138	3.21063701486899e-229	0	GIMAP2
3.24086883694175e-200	1.56527011032241	0.255	0.118	9.60399071139317e-196	0	RCAN3
0	1.54768989108628	0.904	0.373	0	0	LTB
0	1.48791464874428	0.753	0.306	0	0	TRBC2
0	1.46442310012885	0.339	0.11	0	0	CD6
0	1.43167821639371	0.501	0.205	0	0	TRAF3IP3
0	1.43074617482865	0.378	0.156	0	0	IFITM1
0	1.42740974931017	0.471	0.147	0	0	CD27
0	1.37113205371141	0.465	0.178	0	0	LAT
0	1.36566038270582	0.878	0.605	0	0	LDHB
0	1.35348579924731	0.874	0.291	0	0	CD3D
1.33549945754768e-254	1.35246647375204	0.337	0.16	3.95761909249679e-250	0	IL16
2.79369005123292e-276	1.34517000069886	0.282	0.11	8.27882109782363e-272	0	SIT1
2.03763183551968e-289	1.33604282274798	0.438	0.245	6.03831818137903e-285	0	AAK1
3.88055640965431e-18	1.25044717945918	0.258	0.219	1.14996408643696e-13	0	MT1X
4.12469508039176e-113	1.24989251999216	0.256	0.151	1.2223121401233e-108	0	DENND2D
0	1.21999312921822	0.658	0.354	0	0	FYB
0	1.19630332739239	0.608	0.232	0	0	LCK
5.31284715238962e-250	1.19415916352399	0.293	0.122	1.57440912513914e-245	0	FCMR
2.62129682700911e-178	1.19150340083156	0.328	0.181	7.76795101715878e-174	0	PBXIP1
8.81380483145595e-244	1.18063236178046	0.384	0.199	2.61188292375366e-239	0	ARHGAP15
0	1.16803926032579	0.475	0.211	0	0	CLEC2D
0	1.15493047160253	0.999	0.984	0	0	RPS29
0	1.15231873499875	0.529	0.235	0	0	TRBC1
1.02777671655641e-125	1.13784617335061	0.312	0.195	3.04571352184326e-121	0	ATM
0	1.12959241347625	1	0.996	0	0	RPS27
1.08395955372649e-255	1.11580016109074	0.4	0.204	3.21220574151307e-251	0	SEPT1
0	1.11330914417414	0.4	0.153	0	0	SPOCK2
0	1.11126766526774	0.755	0.565	0	0	RPL17
2.04850963555103e-146	1.10548356206021	0.377	0.251	6.07055345399193e-142	0	CCDC109B
0	1.0975084625281	1	0.994	0	0	RPL34
0	1.07491202754131	0.601	0.388	0	0	LEPROTL1
4.83419190414113e-153	1.05646192777252	0.351	0.213	1.43256442887318e-148	0	PSIP1
2.76852005067966e-198	1.05347561836967	0.417	0.251	8.20423231818409e-194	0	SEPT6
0	3.44041148699852	0.428	0.067	0	1	GZMK
0	3.40646391660032	0.409	0.092	0	1	DUSP4
0	3.11727272808618	0.36	0.062	0	1	CD8A
0	2.74869305654437	0.286	0.052	0	1	CD8B
0	2.5709283300504	0.265	0.063	0	1	CXCR3
0	2.50368739062141	0.273	0.068	0	1	TIGIT
0	2.3366071705866	0.771	0.256	0	1	CD2
0	2.29739524450291	0.268	0.07	0	1	SH2D1A
0	2.28876072699512	0.764	0.263	0	1	CCL5
0	2.28053131866415	0.617	0.165	0	1	GZMA
0	2.21615761736573	0.287	0.081	0	1	CD96
0	2.15019911428388	0.953	0.458	0	1	IL32
0	2.11114927050067	0.854	0.295	0	1	CD3D
0	2.07645342436971	0.408	0.174	0	1	APOBEC3G
0	1.9904688107646	0.291	0.119	0	1	FAM46C
0	1.97228685460427	0.535	0.317	0	1	CREM
0	1.94550699977985	0.32	0.114	0	1	CD6
0	1.94548767252985	0.875	0.331	0	1	TRAC
0	1.92182121080353	0.45	0.165	0	1	ITM2A
0	1.92045288675184	0.419	0.149	0	1	SPOCK2
0	1.87249677317356	0.501	0.165	0	1	CD3G
1.26021001160133e-292	1.83719143533382	0.41	0.24	3.73450634837939e-288	1	LINC00152
0	1.78734581338696	0.616	0.308	0	1	DUSP2
0	1.7803104657091	0.756	0.268	0	1	CD3E
0	1.76699764345147	0.367	0.16	0	1	RORA
2.05284464049088e-235	1.75048386118541	0.304	0.151	6.08339980763066e-231	1	CNOT6L
0	1.74940893083474	0.715	0.314	0	1	TRBC2
0	1.73950933237247	0.356	0.154	0	1	RUNX3
3.07616130338513e-189	1.71708230602566	0.259	0.127	9.1158964064515e-185	1	RP11-138A9.2
1.35196118183167e-274	1.71113994591132	0.413	0.237	4.00640176623998e-270	1	TUBA4A
0	1.70073962443249	0.434	0.186	0	1	FYN
0	1.679685295337	0.58	0.325	0	1	TNFAIP3
0	1.67857807683961	0.598	0.234	0	1	LCK
0	1.67110775455594	0.535	0.234	0	1	TRBC1
0	1.66364859979771	0.658	0.34	0	1	RGS1
9.9889343363057e-185	1.64223223993787	0.344	0.209	2.96012080122083e-180	1	RP11-138A9.1
0	1.61781772927129	0.363	0.163	0	1	KLRB1
0	1.61025958353798	0.482	0.259	0	1	SAMSN1
4.93111040083526e-286	1.60593582738955	0.306	0.131	1.46128525618352e-281	1	SKAP1
1.46593076427603e-229	1.59673501652164	0.334	0.174	4.34413922685558e-225	1	CD27
7.7820408391694e-200	1.57367208030425	0.252	0.116	2.30612998227946e-195	1	RASAL3
2.70910407797517e-212	1.57168774197317	0.252	0.111	8.02815902467163e-208	1	ETS1
0	1.52276598803868	0.849	0.53	0	1	CXCR4
0	1.51091624683802	0.587	0.391	0	1	LEPROTL1
0	1.50633732200107	0.824	0.669	0	1	ZFP36L2
8.03398693866436e-168	1.49680618800079	0.302	0.173	2.3807916894038e-163	1	EMB
1.79573688463152e-77	1.48791200644034	0.253	0.174	5.32148668391705e-73	1	PHLDA1
0	1.48062379878118	0.423	0.167	0	1	GZMM
0	1.44926699814609	0.551	0.266	0	1	CD7
0	1.44048018844847	0.567	0.364	0	1	RGCC
0	7.0495726503565	0.698	0.015	0	2	VPREB3
0	7.03658432511941	0.277	0.005	0	2	FCER2
0	6.93360878434892	0.402	0.008	0	2	LINC00926
0	6.70845744713785	0.282	0.007	0	2	RP5-887A10.1
0	6.67247772926438	0.349	0.009	0	2	CD19
0	6.63459003290986	0.836	0.021	0	2	MS4A1
0	6.47896067426626	0.595	0.021	0	2	BANK1
0	6.44376892570105	0.51	0.012	0	2	TNFRSF13C
0	6.3952624194114	0.32	0.009	0	2	FCRLA
0	6.31826597095179	0.316	0.007	0	2	BLK
0	5.88048484172738	0.951	0.048	0	2	CD79A
0	5.47565550854381	0.271	0.011	0	2	TNFRSF13B
0	5.31306698313122	0.348	0.02	0	2	CD22
0	5.21433589931096	0.288	0.02	0	2	HLA-DOB
0	4.84647342806819	0.777	0.075	0	2	CD79B
0	4.81635495772092	0.285	0.028	0	2	RALGPS2
0	4.79270643253559	0.272	0.02	0	2	RP11-231C14.7
0	4.64029709212485	0.262	0.019	0	2	POU2AF1
0	4.49300392384295	0.452	0.055	0	2	ADAM28
0	4.25624527785489	0.366	0.007	0	2	IGHD
0	4.22052599808564	0.303	0.016	0	2	TCL1A
0	4.08806715880283	0.293	0.045	0	2	ARHGAP24
0	4.0089564304372	0.26	0.044	0	2	BLNK
0	3.99127136244987	0.324	0.024	0	2	SPIB
0	3.73552173854082	0.352	0.051	0	2	GNG7
0	3.61537581447629	0.348	0.084	0	2	HVCN1
0	3.38355848865314	0.265	0.063	0	2	EAF2
0	3.28876577140631	0.502	0.114	0	2	MEF2C
0	3.07251014433303	0.438	0.093	0	2	POU2F2
0	3.04011229970536	0.324	0.077	0	2	PKIG
0	2.92566225529991	0.358	0.106	0	2	MARCH1
0	2.77424782144644	0.321	0.066	0	2	LY9
0	2.64698526042166	0.522	0.235	0	2	SMIM14
0	2.61704958102705	0.307	0.117	0	2	SWAP70
0	2.60371788015007	0.311	0.12	0	2	CD40
0	2.5766235106636	0.282	0.07	0	2	BCAS4
0	2.54864142553227	0.35	0.121	0	2	ORAI2
0	2.52546588341519	0.613	0.239	0	2	CD83
0	2.3777232199154	0.974	0.59	0	2	CD37
0	2.27990180931518	0.441	0.153	0	2	LY86
0	2.27814482254414	0.444	0.135	0	2	IRF8
3.59732287363552e-240	2.19738974197591	0.277	0.113	1.06603066037315e-235	2	NFKBID
0	2.15742333993866	0.415	0.115	0	2	FCMR
1.03277265460061e-212	2.04446574022469	0.27	0.116	3.06051848464345e-208	2	CYB561A3
0	1.95669642105654	0.388	0.1	0	2	CD24
1.06068435736158e-129	1.9562673938099	0.25	0.132	3.14323202460531e-125	2	TCOF1
4.74537085070015e-188	1.9274629840818	0.312	0.159	1.40624319789648e-183	2	PHACTR1
3.47781100353621e-278	1.92198053476325	0.275	0.098	1.03061451278792e-273	2	RIC3
0	1.84546173770021	1	0.815	0	2	CD74
0	1.83457189910654	0.496	0.223	0	2	NCF1
0	7.64742434749281	0.759	0.018	0	3	FGFBP2
0	6.93629548867277	0.573	0.015	0	3	KLRF1
0	5.90894610636382	0.341	0.01	0	3	S1PR5
0	5.38469758047371	0.808	0.086	0	3	GNLY
0	5.23201697774219	0.797	0.041	0	3	KLRD1
0	4.8789070579031	0.809	0.077	0	3	PRF1
0	4.83998578672819	0.49	0.058	0	3	SPON2
0	4.811454067131	0.996	0.199	0	3	NKG7
0	4.76088789504323	0.538	0.024	0	3	TRDC
0	4.61038980809894	0.286	0.034	0	3	TTC38
0	4.48891233227091	0.294	0.018	0	3	FCRL6
0	4.30236905707952	0.303	0.046	0	3	ADGRG1
0	4.23892466349564	0.815	0.088	0	3	GZMH
0	3.81601298133291	0.261	0.025	0	3	LAIR2
0	3.80082711574949	0.858	0.095	0	3	GZMB
0	3.67970566887006	0.785	0.128	0	3	CTSW
0	3.40726891041831	0.942	0.213	0	3	CST7
0	3.37837334508761	0.347	0.041	0	3	XCL2
0	3.3307809742255	0.437	0.072	0	3	MATK
0	3.31332670981971	0.463	0.09	0	3	CLIC3
0	3.29067573994163	0.591	0.232	0	3	CMC1
0	3.25803780838585	0.691	0.164	0	3	CD247
0	3.23157093584705	0.29	0.076	0	3	C1orf21
0	3.04285867252583	0.275	0.043	0	3	SAMD3
0	3.0262036461743	0.855	0.287	0	3	CCL4
0	2.90117215637446	0.349	0.073	0	3	IL2RB
0	2.83299292363463	0.254	0.057	0	3	PRSS23
0	2.79122631460305	0.334	0.068	0	3	PYHIN1
0	2.72080123277536	0.267	0.063	0	3	TRGC2
9.13470286972655e-246	2.70124096967164	0.26	0.093	2.70697784841477e-241	3	CD300A
0	2.69048600672861	0.878	0.172	0	3	GZMA
0	2.64213829911058	0.646	0.163	0	3	GZMM
0	2.62309637375717	0.257	0.046	0	3	IFNG
0	2.62273478435082	0.666	0.146	0	3	KLRB1
0	2.53392910271184	0.558	0.228	0	3	MYO1F
0	2.5196373266277	0.954	0.281	0	3	CCL5
0	2.5068987273471	0.274	0.074	0	3	SH2D2A
0	2.42151073637201	0.599	0.182	0	3	FCGR3A
0	2.39364223739699	0.41	0.132	0	3	GNG2
0	2.38534726216542	0.298	0.098	0	3	SYTL3
0	2.38140214260295	0.46	0.182	0	3	CHST12
0	2.3742520478432	0.303	0.084	0	3	ZAP70
1.52032691129388e-296	2.34136358750671	0.423	0.212	4.50533676892829e-292	3	APMAP
6.8899730186318e-260	2.30942692238603	0.279	0.099	2.04177460434135e-255	3	PTPN4
1.48788420649171e-240	2.27777885824203	0.321	0.137	4.40919605751754e-236	3	ABI3
9.13477252468016e-186	2.25590022216018	0.323	0.164	2.70699848996372e-181	3	ABHD17A
2.35676165592735e-147	2.22392994857439	0.251	0.117	6.9840274911751e-143	3	RASSF1
0	2.2043618622767	0.551	0.167	0	3	C12orf75
0	2.19815327538971	0.282	0.068	0	3	AC092580.4
3.83396524510018e-179	2.17803202344359	0.321	0.164	1.13615726073299e-174	3	TPST2
0	6.18104367531378	0.618	0.089	0	4	SPP1
0	5.7044692490962	0.254	0.008	0	4	TMIGD3
0	5.48783900953094	0.388	0.015	0	4	PLA2G7
0	5.1624015726219	0.301	0.009	0	4	SDS
0	5.00548381655095	0.274	0.014	0	4	OTOA
0	4.8934852693474	0.375	0.028	0	4	FOLR2
0	4.65593224033697	0.863	0.275	0	4	APOE
0	4.63092962507586	0.525	0.036	0	4	FPR3
0	4.59077267934326	0.37	0.019	0	4	STAB1
0	4.57577779403549	0.273	0.018	0	4	F13A1
0	4.46992156212166	0.276	0.018	0	4	CLEC5A
0	4.39213910862741	0.561	0.077	0	4	CCL2
0	4.3338540459971	0.261	0.015	0	4	SLC1A3
0	4.30639998268629	0.664	0.067	0	4	TREM2
0	4.30201932366843	0.386	0.126	0	4	CCL18
0	4.27797913260378	0.522	0.048	0	4	NPL
0	4.24356342032517	0.611	0.108	0	4	HMOX1
0	4.18573145222106	0.834	0.178	0	4	CTSL
0	4.12595942009317	0.622	0.07	0	4	CD163
0	4.12448995211249	0.536	0.053	0	4	PLTP
0	4.07161208565672	0.785	0.101	0	4	CD14
0	4.06709678924265	0.656	0.128	0	4	LGMN
0	4.06437363334976	0.367	0.026	0	4	IL4I1
0	4.04274616254151	0.768	0.126	0	4	GPNMB
0	4.00787497892877	0.618	0.06	0	4	LILRB4
0	3.8992260761089	0.341	0.029	0	4	GPR34
0	3.83427501522855	0.54	0.056	0	4	CSF1R
0	3.81461175013909	0.948	0.358	0	4	CTSB
0	3.80699035552352	0.296	0.032	0	4	LINC01094
0	3.78606988063094	0.523	0.058	0	4	ADAP2
0	3.77841080045588	0.334	0.035	0	4	SIGLEC1
0	3.74784787714683	0.808	0.122	0	4	C1QC
0	3.71275215208723	0.289	0.032	0	4	KCNMA1
0	3.65512729738648	0.51	0.056	0	4	ABCA1
0	3.62052980077473	0.657	0.086	0	4	MS4A4A
0	3.61435522940928	0.689	0.145	0	4	CCL3L3
0	3.54589601143491	0.349	0.043	0	4	TMEM51
0	3.53901281368557	0.757	0.114	0	4	FCGR2A
0	3.52236968931362	0.391	0.048	0	4	LHFPL2
0	3.52110823144352	0.526	0.069	0	4	SLCO2B1
0	3.50388267717958	0.309	0.032	0	4	SLAMF8
0	3.48914467847072	0.415	0.045	0	4	CCR1
0	3.40680826596756	0.87	0.268	0	4	APOC1
0	3.35136233360205	0.287	0.033	0	4	FAM20C
0	3.33335468434308	0.392	0.068	0	4	IL1RN
0	3.31786688290239	0.762	0.193	0	4	CXCL8
0	3.31585651495585	0.823	0.207	0	4	CCL3
0	3.30355610876719	0.454	0.047	0	4	C3AR1
0	3.29523713133597	0.797	0.126	0	4	MS4A6A
0	3.27124187775435	0.401	0.056	0	4	TTYH3
0	6.48369564679996	0.304	0.004	0	5	GS1-600G8.5
0	6.42643689357075	0.564	0.005	0	5	GPD1
0	6.34932808533091	0.893	0.051	0	5	FABP4
0	6.34655857416456	0.533	0.009	0	5	FOLR3
0	6.11363643860411	0.631	0.009	0	5	RP5-839B4.8
0	5.94878823769465	0.975	0.046	0	5	MCEMP1
0	5.91428453682964	0.755	0.016	0	5	RP11-598F7.3
0	5.62943593383419	0.483	0.007	0	5	MME
0	5.45399187284575	0.298	0.005	0	5	DNASE2B
0	5.33058459406938	0.745	0.024	0	5	INHBA
0	5.24399138810256	0.492	0.01	0	5	AGRP
0	5.23030836393761	0.281	0.007	0	5	CXCL5
0	5.19534372029991	0.533	0.011	0	5	FFAR4
0	5.14877057387227	0.253	0.008	0	5	CAMP
0	5.09737373939182	0.984	0.087	0	5	MARCO
0	5.01283743964661	0.806	0.037	0	5	RETN
0	4.97533600449472	0.68	0.024	0	5	LPL
0	4.95210919022439	0.444	0.011	0	5	STAC
0	4.94795433156422	0.307	0.009	0	5	SPOCD1
0	4.81140848772741	0.448	0.017	0	5	RBP4
0	4.65922940124873	0.463	0.015	0	5	RP3-460G2.2
0	4.62833964505469	0.653	0.038	0	5	CES1
0	4.57516265977697	0.757	0.036	0	5	PPARG
0	4.40751735712436	0.598	0.02	0	5	PCOLCE2
0	4.35912591173914	0.982	0.177	0	5	FBP1
0	4.30054481016678	0.516	0.019	0	5	HCAR2
0	4.21254788759926	0.918	0.082	0	5	MSR1
0	4.18524950984434	0.46	0.017	0	5	GLDN
0	4.17940500384248	0.659	0.034	0	5	TNNI2
0	4.17916756986858	0.333	0.008	0	5	GPA33
0	4.16503993528443	0.468	0.022	0	5	MIR3945HG
0	4.1319705822076	0.428	0.017	0	5	RP11-1008C21.1
0	4.11527476369328	0.668	0.034	0	5	ADAMTSL4
0	4.08325448125107	0.854	0.067	0	5	CYP27A1
0	4.08036045266302	0.922	0.071	0	5	MRC1
0	4.07933859591756	0.982	0.198	0	5	ALDH2
0	4.04030421622425	0.703	0.044	0	5	OSCAR
0	3.99942392239254	0.919	0.093	0	5	TREM1
0	3.87321824781651	0.272	0.011	0	5	RP11-356N1.2
0	3.87041561655278	0.258	0.012	0	5	ZMYND15
0	3.86568665388021	0.324	0.015	0	5	APOL4
0	3.78533684846219	0.82	0.081	0	5	PLBD1
0	3.75540439690948	0.923	0.072	0	5	OLR1
0	3.74817786387613	0.33	0.016	0	5	CCL23
0	3.73501904169772	0.322	0.015	0	5	GAPLINC
0	3.69930794520344	0.959	0.226	0	5	GCHFR
0	3.67744370768492	0.995	0.216	0	5	C1QA
0	3.67371999990895	0.507	0.033	0	5	FAM89A
0	3.65982181517499	0.553	0.04	0	5	BHLHE41
0	3.61396778139778	0.985	0.208	0	5	ACP5
0	8.75271268542234	0.484	0.007	0	6	S100A12
0	6.40112366669401	0.896	0.033	0	6	FCN1
0	6.07801960069232	0.276	0.011	0	6	CTB-61M7.2
0	5.76624895353174	0.302	0.01	0	6	APOBEC3A
0	5.71177201613888	0.425	0.016	0	6	CD300E
0	5.47283403319454	0.851	0.157	0	6	S100A8
0	5.43546974102397	0.353	0.024	0	6	LILRA5
0	5.11217009579103	0.583	0.036	0	6	CFP
0	4.77272604835707	0.43	0.039	0	6	LILRB2
0	4.7674185644619	0.271	0.034	0	6	THBS1
0	4.43779664200534	0.658	0.073	0	6	VCAN
0	4.39115578618305	0.689	0.118	0	6	IL1B
0	4.38200400686361	0.352	0.028	0	6	NLRP3
0	4.34873553197834	0.954	0.298	0	6	S100A9
0	4.34642071640431	0.357	0.035	0	6	C19orf38
0	4.23473973544222	0.469	0.071	0	6	EREG
0	4.13059304300449	0.269	0.032	0	6	RBP7
0	4.11903836061597	0.413	0.034	0	6	LGALS2
0	4.11831214568382	0.638	0.114	0	6	G0S2
0	4.02471391892219	0.628	0.103	0	6	C5AR1
0	3.97099014211068	0.548	0.077	0	6	FPR1
0	3.85375251411443	0.292	0.036	0	6	ADGRE2
0	3.72516971327132	0.966	0.229	0	6	LST1
0	3.70903374674088	0.661	0.086	0	6	FGL2
0	3.65276839218729	0.519	0.096	0	6	RP11-1143G9.4
0	3.56086993557107	0.305	0.051	0	6	ASGR1
2.96934054036551e-218	3.5212300540056	0.264	0.053	8.79934375731914e-214	6	AQP9
0	3.52010022084288	0.98	0.264	0	6	LYZ
2.2428103984637e-305	3.461485218003	0.322	0.058	6.64634433480733e-301	6	LRRC25
0	3.45446545912886	0.548	0.074	0	6	MPEG1
0	3.39013769246204	0.844	0.151	0	6	CSTA
0	3.3846851017763	0.337	0.063	0	6	CSF3R
0	3.32254691805138	0.348	0.038	0	6	CD93
0	3.30427194773709	0.48	0.123	0	6	PPIF
0	3.29511876599702	0.509	0.12	0	6	IFI30
0	3.29241634660725	0.681	0.132	0	6	MNDA
0	3.27941232434338	0.903	0.307	0	6	NAMPT
0	3.27780460690476	0.362	0.07	0	6	CLEC12A
0	3.2721785422893	0.981	0.257	0	6	AIF1
0	3.25312066076016	0.879	0.318	0	6	SOD2
1.19520097160426e-255	3.23972862514562	0.262	0.045	3.54185855925207e-251	6	TLR2
2.61594121621477e-271	3.2345067330119	0.331	0.068	7.75208020013084e-267	6	CLEC4A
0	3.22382438898063	0.291	0.037	0	6	CLEC10A
0	3.20857040166862	0.427	0.086	0	6	MXD1
0	3.20289552238415	0.673	0.136	0	6	CLEC7A
0	3.12872930410706	0.346	0.052	0	6	CD36
0	3.09843989464169	0.826	0.222	0	6	PLAUR
0	3.08737826636373	0.732	0.222	0	6	CXCL8
0	3.06467284985044	0.772	0.222	0	6	BCL2A1
6.84175903289141e-257	3.03194837065639	0.33	0.071	2.02748687180704e-252	6	LILRB3
0	7.64134671997229	0.255	0.006	0	7	HOXB-AS3
0	5.88026150364548	0.282	0.01	0	7	NMU
0	5.07742085318628	0.272	0.018	0	7	CEACAM5
0	5.0477418784987	0.402	0.042	0	7	S100A2
0	4.90923868854058	0.456	0.042	0	7	LCN2
0	4.44339384773105	0.329	0.018	0	7	TFPI2
0	4.23014288855365	0.339	0.021	0	7	MUC4
0	4.16991948604832	0.299	0.032	0	7	CDA
0	4.13850503004428	0.436	0.045	0	7	MET
0	4.03395077741292	0.257	0.021	0	7	KRT15
0	4.0157663184841	0.596	0.074	0	7	C19orf33
0	3.99345789194501	0.307	0.033	0	7	PON3
0	3.92158726507806	0.253	0.022	0	7	ADGRF1
0	3.88870232257803	0.267	0.029	0	7	TSPAN8
0	3.81909942597696	0.268	0.022	0	7	PPP1R1B
0	3.81619971576249	0.845	0.107	0	7	KRT7
0	3.78799142487873	0.339	0.031	0	7	TSPAN6
0	3.78045866702697	0.551	0.065	0	7	PDZK1IP1
0	3.74951311437429	0.441	0.048	0	7	S100P
0	3.74740558443841	0.625	0.073	0	7	CLDN3
0	3.66345871934442	0.406	0.037	0	7	BAIAP2L1
0	3.60956286825505	0.688	0.082	0	7	SMIM22
0	3.59923744032582	0.351	0.036	0	7	LAD1
0	3.59272557125914	0.81	0.106	0	7	EPCAM
0	3.59128479462296	0.28	0.027	0	7	TOM1L1
0	3.58537116222048	0.386	0.035	0	7	AP1M2
0	3.57634532732939	0.645	0.066	0	7	CRABP2
0	3.57374547501888	0.889	0.141	0	7	KRT19
0	3.56174664013674	0.762	0.103	0	7	S100A16
0	3.55852124472098	0.867	0.135	0	7	KRT8
0	3.55033706786659	0.914	0.15	0	7	KRT18
0	3.54685709669397	0.821	0.154	0	7	MDK
5.18414606763487e-284	3.53010475647253	0.305	0.051	1.53626984568292e-279	7	CDKN2A
0	3.47544002972136	0.783	0.136	0	7	WFDC2
0	3.46846198863112	0.26	0.024	0	7	RHOV
0	3.46368688149874	0.442	0.055	0	7	ITGA3
0	3.45048176322823	0.67	0.119	0	7	CLDN7
0	3.4237981749397	0.316	0.034	0	7	KDELR3
0	3.41906090427475	0.582	0.094	0	7	SERINC2
0	3.40260215449076	0.625	0.082	0	7	CEACAM6
0	3.39899903835521	0.406	0.041	0	7	PKP3
0	3.39051509708673	0.292	0.033	0	7	PVRL4
0	3.35707897132834	0.744	0.127	0	7	PERP
0	3.33226429165606	0.315	0.045	0	7	P4HA2
0	3.31807557559972	0.71	0.09	0	7	MAL2
0	3.31638915486439	0.255	0.027	0	7	TLCD1
0	3.30967131035126	0.259	0.027	0	7	BSPRY
0	3.29269757757723	0.74	0.078	0	7	S100A14
0	3.28528466002305	0.331	0.04	0	7	MBOAT2
0	3.25454992482948	0.359	0.037	0	7	ANXA3
0	10.8422646528249	0.524	0.005	0	8	SFRP2
0	10.8027109712905	0.476	0.004	0	8	SFRP4
0	10.4918885384307	0.306	0.001	0	8	ASPN
0	10.3989708510282	0.339	0.001	0	8	WISP2
0	10.256348875116	0.294	0	0	8	SCN7A
0	10.2461764519612	0.953	0.031	0	8	DCN
0	10.1679222706717	0.292	0	0	8	F10
0	10.0474251699875	0.565	0.001	0	8	ISLR
0	10.001754988851	0.377	0.001	0	8	TCF21
0	9.99973402488022	0.924	0.014	0	8	COL1A2
0	9.97889044680341	0.836	0.017	0	8	FBLN1
0	9.96837465193989	0.84	0.017	0	8	LUM
0	9.94090864013528	0.554	0.003	0	8	ADH1B
0	9.81140303109846	0.506	0.002	0	8	DPT
0	9.77226892391249	0.774	0.005	0	8	MFAP4
0	9.73898363609593	0.634	0.002	0	8	PRELP
0	9.73018799525414	0.314	0	0	8	FIBIN
0	9.70235385570314	0.42	0.002	0	8	HTRA3
0	9.49505981241727	0.334	0.001	0	8	HSPB6
0	9.30826154106691	0.766	0.013	0	8	COL3A1
0	9.28217619047805	0.377	0.001	0	8	COL14A1
0	9.24260834725121	0.292	0.001	0	8	GSTM5
0	9.18942613352713	0.339	0.001	0	8	ECM2
0	9.16533277655105	0.272	0.001	0	8	MXRA5
0	9.12418107475537	0.383	0.001	0	8	OGN
0	9.04894441910456	0.65	0.005	0	8	COL6A3
0	9.04509636959838	0.331	0	0	8	OLFML1
0	8.98126705917074	0.834	0.009	0	8	BGN
0	8.81151141465834	0.59	0.003	0	8	PRRX1
0	8.81086085714687	0.615	0.004	0	8	THY1
0	8.65238568362655	0.281	0.001	0	8	HSPB2
0	8.53053463475566	0.778	0.007	0	8	PLAC9
0	8.44879732798891	0.772	0.02	0	8	CCDC80
0	8.41634255888283	0.375	0.002	0	8	SLIT2
0	8.41240463406207	0.547	0.006	0	8	C7
0	8.3503085364643	0.317	0.003	0	8	ITGBL1
0	8.31083974531876	0.43	0.003	0	8	PDGFRA
0	8.24850821595322	0.396	0.003	0	8	SMOC2
0	8.19557606457954	0.385	0.003	0	8	FRZB
0	8.1903109553406	0.334	0.002	0	8	CHRDL1
0	8.16183209817747	0.518	0.003	0	8	ELN
0	8.07824105564859	0.261	0.002	0	8	SCARA5
0	8.02989180067142	0.882	0.028	0	8	C1S
0	8.0039776988456	0.392	0.002	0	8	GLT8D2
0	7.98904609405372	0.266	0.001	0	8	CPXM1
0	7.95227919123316	0.732	0.017	0	8	MMP2
0	7.92330778513698	0.322	0.002	0	8	SLIT3
0	7.92173732417048	0.476	0.004	0	8	COL5A2
0	7.91075338023735	0.451	0.003	0	8	INMT
0	7.90783229962713	0.4	0.002	0	8	THBS2
2.43090353235338e-104	1.97617829014721	0.282	0.079	7.20373952777601e-100	9	ICOS
1.45834658648419e-217	1.95668756462939	0.694	0.269	4.32166427438725e-213	9	IL7R
1.78600968068472e-53	1.7512033846569	0.262	0.106	5.29266108774111e-49	9	AC016831.7
1.17885219892957e-97	1.7423658710958	0.331	0.108	3.49341060630789e-93	9	TRAT1
2.84715758388502e-41	1.61555036940293	0.498	0.349	8.43726678408487e-37	9	CREM
4.52587148794464e-180	1.50503220355019	0.925	0.689	1.34119675673751e-175	9	ZFP36L2
8.16519190193069e-99	1.50442701645722	0.457	0.187	2.41967296821814e-94	9	SPOCK2
2.64225890714688e-103	1.45618934210419	0.691	0.384	7.83007004543905e-99	9	RGS1
5.25293553146132e-75	1.42765003773177	0.477	0.239	1.55665491539325e-70	9	PIK3IP1
8.29413573972021e-79	1.42447154380981	0.645	0.391	2.45788418510869e-74	9	RGCC
2.52188230654749e-180	1.42147336218812	0.918	0.573	7.47334602722283e-176	9	CXCR4
1.75736973407957e-101	1.40886680839599	0.727	0.5	5.20778946997141e-97	9	DNAJB1
7.54739921601455e-49	1.39153702902003	0.377	0.2	2.23659628367375e-44	9	PBXIP1
1.72237048348422e-222	1.37686138683781	0.906	0.408	5.10407269075712e-218	9	TRAC
3.10730434231234e-49	1.37026803867242	0.371	0.189	9.20818568800838e-45	9	RORA
3.33493812573467e-86	1.36566262756731	0.649	0.417	9.88275564180212e-82	9	LEPROTL1
3.74335130954509e-128	1.35437914812634	0.723	0.371	1.10930472707059e-123	9	TRBC2
4.10037468594021e-23	1.34935537186923	0.333	0.226	1.21510503443152e-18	9	PLK3
3.87907581326553e-67	1.33744614788846	0.375	0.161	1.14952532650311e-62	9	CCR7
6.27047911145519e-23	1.3234922301619	0.254	0.145	1.85819377988863e-18	9	RP11-138A9.2
1.72241549997951e-31	1.31326577961495	0.365	0.228	5.10420609263927e-27	9	RP11-138A9.1
1.52503269434888e-91	1.30517563153788	0.568	0.276	4.51928188643347e-87	9	TRBC1
2.85378711355929e-30	1.29712166738427	0.342	0.211	8.45691273232161e-26	9	PTGER4
1.03329559995939e-67	1.28484975625508	0.581	0.361	3.06206818091966e-63	9	TNFAIP3
7.70798035616339e-155	1.26440298829083	0.763	0.337	2.28418289874546e-150	9	CD3E
5.49669812243341e-215	1.24385929538387	0.993	0.891	1.62889152160192e-210	9	BTG1
2.79082031994782e-34	1.23433378444732	0.321	0.176	8.27031693613337e-30	9	TCF7
2.06116837110814e-58	1.23209700258836	0.419	0.206	6.10806635094187e-54	9	ITM2A
1.3513228932548e-188	1.22966822510824	0.861	0.374	4.00451026187127e-184	9	CD3D
1.76310286537909e-20	1.21729726539022	0.339	0.234	5.22477903126439e-16	9	HSPA1B
2.73490541158688e-112	1.20364422738035	0.845	0.637	8.10461869669656e-108	9	TSC22D3
2.95633935076328e-51	1.16966972066869	0.609	0.466	8.7608160320519e-47	9	YPEL5
4.11363447208442e-128	1.15258007564404	0.71	0.331	1.2190344394575e-123	9	CD2
2.33986056028726e-116	1.14010932710211	0.936	0.815	6.93394278435525e-112	9	JUNB
1.96084334265836e-69	1.119280603485	0.462	0.214	5.81076316163377e-65	9	CD3G
1.41231724344958e-33	1.11299998985357	0.286	0.144	4.18526091923849e-29	9	CD6
3.79857515712513e-35	1.10734704813756	0.417	0.262	1.12566976206246e-30	9	TUBA4A
5.36114667365613e-130	1.06971811072624	0.826	0.451	1.58872220527126e-125	9	LTB
3.24565673980395e-36	1.0651028243135	0.456	0.292	9.61817918273503e-32	9	SAMSN1
1.44264862077199e-51	1.06388137778936	0.429	0.22	4.27514492279572e-47	9	LAT
1.3071194353352e-73	1.0581078724249	0.846	0.689	3.87351773467234e-69	9	JUN
6.46109488651918e-97	1.04582584295403	0.699	0.393	1.91468085867109e-92	9	CD69
1.17506022393554e-09	1.03851624859252	0.335	0.286	3.48217346761058e-05	9	NR3C1
4.25871923186525e-32	1.03747077339324	0.384	0.232	1.26202885717095e-27	9	SEPT1
6.86160949256836e-09	1.02492692126943	0.25	0.193	0.000203336935702771	9	CCNH
6.4272212141971e-42	1.01730395209422	0.774	0.69	1.90464273461517e-37	9	DUSP1
2.25765696790881e-28	1.01627984730174	0.489	0.378	6.69034065870098e-24	9	PPP1R2
4.11959291303637e-27	1.01625641455109	0.36	0.226	1.2208001638492e-22	9	ARHGAP15
3.23996175124558e-48	1.01467523668707	0.563	0.378	9.60130265364117e-44	9	CYTIP
2.85681193470038e-44	1.00553935485682	0.411	0.222	8.46587648729112e-40	9	FYN
0	9.91422763566652	0.383	0.001	0	10	GKN2
0	8.85359054283637	0.586	0.004	0	10	CLDN18
0	8.54003658444039	0.539	0.004	0	10	PLA2G1B
0	8.4203895212138	0.313	0.001	0	10	CPB2
0	7.89727385107081	0.54	0.005	0	10	AQP4
1.26638767573001e-156	7.76541682769752	0.425	0.119	3.7528132382583e-152	10	SCGB1A1
0	7.51563371125313	0.318	0.021	0	10	AGER
0	7.46422471496195	0.678	0.012	0	10	PEBP4
0	7.24816253713484	0.371	0.003	0	10	CRTAC1
0	6.82414764354031	0.283	0.007	0	10	GGTLC1
0	6.77205137315432	0.902	0.266	0	10	SFTPC
0	6.72728124499574	0.54	0.014	0	10	PGC
0	6.59429967812033	0.415	0.009	0	10	CYP4B1
0	6.54273729403856	0.387	0.006	0	10	ZNF385B
0	6.47111295621952	0.756	0.12	0	10	SFTPA1
0	6.43639687847306	0.576	0.012	0	10	SUSD2
0	6.40710915412776	0.438	0.006	0	10	WIF1
0	6.38963401794696	0.758	0.128	0	10	SFTPA2
0	6.20586215822576	0.764	0.045	0	10	SFTPD
0	6.16255230876668	0.368	0.008	0	10	HHIP
0	5.90012181152965	0.505	0.014	0	10	ALPL
0	5.81835053339629	0.904	0.147	0	10	SFTPB
0	5.73743340876598	0.286	0.007	0	10	AC008268.1
0	5.69561800782494	0.537	0.027	0	10	ABCA3
0	5.6906767581696	0.296	0.009	0	10	BMP2
0	5.67607379414552	0.279	0.005	0	10	DUOXA1
0	5.6215251482376	0.339	0.009	0	10	RASGRF1
0	5.61966311160686	0.577	0.09	0	10	SCGB3A2
0	5.53606889865345	0.304	0.02	0	10	TNNC1
0	5.50440580737139	0.361	0.012	0	10	FLRT3
0	5.48727102128677	0.897	0.156	0	10	SLPI
0	5.45711421764529	0.424	0.01	0	10	CACNA2D2
0	5.39276306380419	0.312	0.01	0	10	DMBT1
0	5.31854109438232	0.557	0.022	0	10	LAMP3
0	5.28754699558214	0.48	0.015	0	10	HSD17B6
0	5.27813152653704	0.669	0.037	0	10	C4BPA
0	5.25101580203887	0.827	0.052	0	10	FOLR1
0	5.22742226752036	0.717	0.037	0	10	SFTA1P
0	5.18351486088856	0.488	0.019	0	10	IRX2
0	5.17605021752359	0.59	0.036	0	10	LRRK2
0	5.14569786454911	0.25	0.014	0	10	ANKRD29
0	5.12988811631428	0.8	0.049	0	10	SELENBP1
0	5.11294022078021	0.314	0.011	0	10	VEPH1
0	4.95529331195535	0.343	0.018	0	10	FOXA2
0	4.87254093479738	0.313	0.011	0	10	HHIP-AS1
0	4.86421732688932	0.784	0.05	0	10	PIGR
0	4.81722447154672	0.835	0.079	0	10	CXCL17
0	4.78999993897142	0.314	0.009	0	10	RP11-259K15.2
0	4.78030024044593	0.456	0.022	0	10	C5orf38
0	4.75715814469506	0.525	0.027	0	10	STEAP4
0	12.242489318593	1	0.011	0	11	TPSAB1
0	11.4842994755079	1	0.037	0	11	TPSB2
0	11.0487776493406	0.986	0.005	0	11	CPA3
0	11.0024575655671	0.919	0.002	0	11	MS4A2
0	10.4946997035112	0.292	0.003	0	11	CTSG
0	10.3372488080335	0.441	0.001	0	11	HDC
0	9.94673833935191	0.689	0.002	0	11	RP11-354E11.2
0	9.94165900627612	0.71	0.002	0	11	SLC18A2
0	9.9373658042413	0.334	0.001	0	11	GCSAML
0	9.82475723034121	0.286	0.001	0	11	TPSD1
0	8.55372473565689	0.276	0.002	0	11	SVOPL
0	8.29484112534456	0.334	0.002	0	11	CALB2
0	8.07550393764101	0.529	0.006	0	11	KIT
0	8.0545210270478	0.77	0.012	0	11	GATA2
0	7.6542529066043	0.614	0.008	0	11	MAOB
0	7.65032757541968	0.754	0.016	0	11	C1orf186
0	7.49839501919266	0.939	0.045	0	11	HPGDS
0	7.3803088140796	0.827	0.013	0	11	RGS13
0	7.3556191777177	0.513	0.004	0	11	IL1RL1
0	7.22828207169862	0.292	0.004	0	11	TMEM233
0	6.93530138921948	0.824	0.042	0	11	VWA5A
0	6.82102170085078	0.329	0.008	0	11	SLC45A3
0	6.11884662357851	0.747	0.044	0	11	LTC4S
0	5.6381304559587	0.456	0.028	0	11	CNRIP1
0	5.34877097235028	0.286	0.011	0	11	NTM
0	5.20872036599319	0.296	0.011	0	11	STXBP6
0	4.82961851334637	0.388	0.034	0	11	PTGS1
0	4.60536146411646	0.346	0.033	0	11	RAB27B
0	4.55865785512689	0.535	0.02	0	11	FCER1A
1.77334030948566e-276	4.51682060450302	0.3	0.039	5.25511667312981e-272	11	GMPR
1.066151057575e-219	3.89619775040207	0.292	0.045	3.15943204401774e-215	11	CATSPER1
1.57664441444464e-213	3.67648255562785	0.373	0.076	4.67222805776525e-209	11	ACSL4
7.62731611508715e-279	3.67573735710019	0.368	0.057	2.26027885754493e-274	11	SMYD3
4.05474723458533e-224	3.58935885181965	0.326	0.054	1.20158379549702e-219	11	TDRD3
1.15187544728783e-185	3.54954485813789	0.357	0.078	3.41346770049277e-181	11	STX3
5.22696471413345e-195	3.54126949759402	0.329	0.063	1.54895872338631e-190	11	BACE2
4.19187494695175e-134	3.52116084744641	0.3	0.073	1.24222022177968e-129	11	MITF
0	3.51417356882025	0.838	0.103	0	11	CLU
0	3.45305661124104	0.306	0.033	0	11	SDPR
9.37155043733387e-217	3.45276585484241	0.414	0.093	2.77716525659952e-212	11	RENBP
9.9800330426194e-108	3.23136768334365	0.256	0.063	2.95748299184983e-103	11	PROCR
1.74013297874248e-225	3.20404818176996	0.586	0.189	5.15671006920547e-221	11	LMO4
1.5102743875294e-177	3.05685788817189	0.407	0.104	4.47554712000462e-173	11	BTK
1.24261198135207e-85	3.05365264783776	0.264	0.079	3.68235634553872e-81	11	CD33
4.07127307833825e-150	3.01156902526288	0.307	0.067	1.20648106403476e-145	11	ADRB2
9.12452953931798e-159	2.99927470767069	0.488	0.164	2.70396308368149e-154	11	ANKRD28
0	2.89345813356531	0.931	0.431	0	11	LAPTM4A
1.5505214720494e-110	2.87211522283869	0.357	0.115	4.59481533027118e-106	11	MSRA
4.52194380196375e-91	2.86686756455853	0.31	0.1	1.34003282627394e-86	11	ACOT7
2.7131327327085e-134	2.85608636537849	0.296	0.068	8.04009754010836e-130	11	ARHGEF6
0	11.2373320710233	0.26	0	0	12	PCDH8
0	9.17584336343897	0.742	0.005	0	12	FGB
0	8.62580156445693	0.548	0.003	0	12	FGA
0	8.3850935501444	0.582	0.003	0	12	FGL1
0	8.3594960670637	0.931	0.034	0	12	DEFB1
0	8.34954198823983	0.824	0.019	0	12	AKR1C2
0	7.20858746420255	0.396	0.007	0	12	PIP
0	6.91845657044454	0.409	0.003	0	12	TMEM59L
0	6.90295000309333	0.673	0.01	0	12	FGG
0	6.84875747220793	0.424	0.004	0	12	PROM1
0	6.8296071263783	0.371	0.003	0	12	CDH2
0	6.62836750797935	0.956	0.076	0	12	HMGB3
0	6.59917825362459	0.813	0.02	0	12	CLDN10
0	6.55111108787514	0.612	0.008	0	12	CRLF1
0	6.5228589702792	0.965	0.114	0	12	HPGD
0	6.47872297339359	0.555	0.01	0	12	PNMA2
0	6.40807695022991	0.555	0.012	0	12	TOX3
0	6.29270139768276	0.31	0.003	0	12	PAX7
0	6.25327005403412	0.271	0.004	0	12	RASSF10
0	6.22585521298643	0.708	0.022	0	12	GOLT1A
0	6.15621532417549	0.446	0.006	0	12	CA9
0	6.07008360601152	0.295	0.006	0	12	C2CD4A
0	6.06101755992343	0.85	0.036	0	12	CP
0	5.91561912727446	0.911	0.077	0	12	NQO1
0	5.89353638710016	0.295	0.005	0	12	SLC29A4
0	5.85099119235811	0.321	0.007	0	12	RP11-254I22.3
0	5.84043184290229	0.771	0.032	0	12	VSTM2L
0	5.80525789126254	0.805	0.031	0	12	TUSC3
0	5.77134694152894	0.896	0.048	0	12	IGFBP3
0	5.71410180186294	0.651	0.022	0	12	IGFBP5
0	5.69841632735064	0.309	0.006	0	12	ARX
0	5.58886165053926	0.488	0.019	0	12	AKR1C1
0	5.54490115470955	0.985	0.122	0	12	AGR2
0	5.51930032420639	0.572	0.014	0	12	TMEM150C
0	5.48735085957766	0.35	0.009	0	12	SLC7A2
0	5.42203936283046	0.572	0.016	0	12	SPDEF
0	5.39912314487165	0.284	0.007	0	12	RNF180
0	5.37547240539587	0.327	0.008	0	12	CTXN1
0	5.36406225627811	0.374	0.007	0	12	PCSK6
0	5.34378509511694	0.313	0.008	0	12	PRKAA2
0	5.34361279869495	0.267	0.005	0	12	PLEKHS1
0	5.30487234399738	0.4	0.011	0	12	LRRC6
0	5.27765945194325	0.348	0.008	0	12	LINC01207
0	5.27446257881636	0.658	0.025	0	12	RAC3
0	5.21239471428244	0.497	0.018	0	12	KCNQ3
0	5.14108776084576	0.712	0.036	0	12	EGLN3
0	5.10269484269002	0.637	0.03	0	12	SH2D4A
0	5.02645406906544	0.796	0.076	0	12	AKR1C3
0	5.02628196908337	0.63	0.019	0	12	ZG16B
0	5.0163165062939	0.86	0.069	0	12	NET1
0	9.44782468486485	0.399	0.001	0	13	ONECUT3
0	7.6775965197035	0.808	0.009	0	13	TNNC2
0	6.75376028157094	0.853	0.034	0	13	ASS1
0	6.70526531247495	0.274	0.002	0	13	LINC01589
0	6.64741410510564	0.374	0.004	0	13	SPRR1B
0	6.60414602428414	0.801	0.022	0	13	CXCL14
0	6.57401340749451	0.335	0.003	0	13	FLNC
0	6.56749817742675	0.787	0.014	0	13	LY6D
0	6.33490106800329	0.371	0.006	0	13	FRGCA
0	6.29105362333146	0.476	0.006	0	13	PSCA
0	6.28830458932935	0.562	0.007	0	13	IL20RB
0	6.16303976012582	0.338	0.006	0	13	SLC4A11
0	5.94368642134815	0.821	0.026	0	13	FAM83A
0	5.87706935901107	0.508	0.01	0	13	APCDD1
0	5.82454935036791	0.374	0.008	0	13	UNC5B-AS1
0	5.74148183782161	0.419	0.008	0	13	AFAP1-AS1
0	5.6836900189087	0.438	0.01	0	13	LEMD1
0	5.52357769802289	0.44	0.009	0	13	ESPN
0	5.45901276203071	0.642	0.022	0	13	CLIC6
0	5.39393151762921	0.381	0.008	0	13	FGFBP1
0	5.35419528632963	0.437	0.014	0	13	PITX1
0	5.32210264253753	0.777	0.033	0	13	FBXO2
0	5.28124187385518	0.469	0.015	0	13	ASPHD1
0	5.25102553985784	0.285	0.005	0	13	PRSS3
0	5.07910860983743	0.262	0.009	0	13	EPN3
0	5.07583038267168	0.32	0.006	0	13	LINC01133
0	5.07398557998372	0.307	0.009	0	13	STRA6
0	5.01394823985683	0.541	0.024	0	13	MROH6
0	4.95829936921404	0.313	0.012	0	13	MUC16
0	4.9009485779016	0.377	0.015	0	13	FERMT1
0	4.76378951267052	0.517	0.022	0	13	MUC4
0	4.72718570585601	0.443	0.02	0	13	ABHD11-AS1
0	4.71979884504282	0.798	0.054	0	13	SFN
0	4.70664282896367	0.908	0.101	0	13	CCND1
0	4.67384537751308	0.55	0.029	0	13	PRR15L
0	4.58368206602688	0.932	0.067	0	13	CRABP2
0	4.56190395484991	0.317	0.013	0	13	SDCBP2
0	4.55254680304134	0.48	0.02	0	13	STEAP2
0	4.53690434654676	0.831	0.071	0	13	GDF15
0	4.50060329124348	0.303	0.014	0	13	B3GNT3
0	4.47734123057908	0.258	0.012	0	13	ARNTL2
0	4.46540075683336	0.425	0.022	0	13	SLC16A5
0	4.44082012969994	0.301	0.014	0	13	FAM83H-AS1
0	4.41121401620364	0.358	0.017	0	13	CDC42EP5
0	4.39643756767527	0.394	0.02	0	13	TMEM184A
0	4.38115497694978	0.955	0.081	0	13	S100A14
0	4.37970912772825	0.459	0.034	0	13	ITGB8
0	4.32527109378861	0.311	0.011	0	13	FA2H
0	4.30036983900646	0.713	0.04	0	13	MMP7
0	4.29449769809459	0.595	0.025	0	13	SEMA3B
0	8.57101160298072	0.551	0.004	0	14	CD1E
0	8.37168368833075	0.271	0.006	0	14	CCL17
0	6.3400177190089	0.652	0.02	0	14	CD1C
0	6.15363808829998	0.307	0.026	0	14	HLA-DQB2
0	6.09956407858615	0.54	0.021	0	14	FCER1A
0	5.56842036375625	0.622	0.035	0	14	CLEC10A
0	5.22462919609985	0.702	0.035	0	14	LGALS2
0	4.41049117462787	0.507	0.04	0	14	PKIB
0	4.27065141988192	0.447	0.04	0	14	S100B
5.47153301276657e-123	4.17898270073784	0.255	0.049	1.62143409300325e-118	14	FSCN1
0	4.07536927575682	0.398	0.025	0	14	GPAT3
0	4.06252938499483	0.691	0.079	0	14	CSF2RA
0	3.95641096589192	0.602	0.105	0	14	CPVL
5.37570754033727e-264	3.41836421660511	0.436	0.071	1.59303717250355e-259	14	C1orf54
0	3.34742084549623	0.482	0.046	0	14	CFP
0	3.32463210965126	0.995	0.638	0	14	HLA-DPB1
1.40126208631548e-285	3.26065114127566	0.255	0.023	4.1525000665873e-281	14	CD1D
1.14336172638961e-239	3.22620192472484	0.255	0.027	3.38823813998296e-235	14	P2RY6
7.80301608832984e-255	3.20481110032109	0.252	0.025	2.31234578761567e-250	14	KCNMB1
0	3.16552962801463	0.989	0.379	0	14	HLA-DQA1
0	3.13791261486671	0.509	0.052	0	14	NDRG2
0	3.12546579571203	0.976	0.461	0	14	CST3
0	3.11902533935775	0.524	0.084	0	14	FCGR2B
0	3.07279670815506	0.468	0.07	0	14	CLEC4A
0	3.06710637831365	0.991	0.589	0	14	HLA-DPA1
1.68670546630977e-190	3.06136637486208	0.556	0.161	4.99838297886236e-186	14	HLA-DQA2
0	3.03132639014724	0.313	0.03	0	14	TSPAN33
9.84060389662609e-202	3.00841440126288	0.431	0.088	2.91616455872618e-197	14	AXL
2.02118486260432e-200	2.97394534218614	0.339	0.056	5.98957922184165e-196	14	CLIC2
0	2.95409129778658	0.672	0.111	0	14	CD86
4.01456478744521e-275	2.90867596741782	0.398	0.057	1.18967612911151e-270	14	SLC8A1
0	2.8767413676904	0.567	0.09	0	14	PAK1
7.65163687725408e-262	2.83169296636339	0.513	0.097	2.26748607220547e-257	14	RASSF4
2.10099748876116e-277	2.79320084401335	0.677	0.171	6.22609595819484e-273	14	MS4A6A
0	2.79293065949503	0.986	0.467	0	14	HLA-DQB1
9.31290448117839e-218	2.70310078064824	0.787	0.308	2.7597861139524e-213	14	HLA-DRB5
0	2.69744834377185	0.646	0.122	0	14	BASP1
0	2.68026736865054	0.52	0.082	0	14	ZNF385A
1.43415636075104e-293	2.6160031471776	0.609	0.125	4.24997895944962e-289	14	IFI30
0	2.61588641419299	0.62	0.096	0	14	FGL2
0	2.61247535259938	0.997	0.665	0	14	HLA-DRA
1.84035603971262e-171	2.58809258468711	0.551	0.155	5.45371108808438e-167	14	INSIG1
7.23756729233778e-288	2.58716388490375	0.644	0.144	2.14478069141138e-283	14	PEA15
1.07441830843647e-252	2.57229712543399	0.469	0.083	3.18393121522063e-248	14	DAPP1
0	2.5322147836034	0.917	0.241	0	14	LST1
0	2.52684059023425	0.666	0.119	0	14	HCK
4.28227550732146e-170	2.52042818459713	0.299	0.049	1.26900952383964e-165	14	IL4I1
3.95037801027736e-298	2.51712584931248	0.991	0.603	1.17065501956559e-293	14	HLA-DRB1
5.98962342220898e-203	2.51514499737397	0.313	0.046	1.77496500493741e-198	14	CIITA
1.62055794457613e-240	2.51243372152823	0.365	0.053	4.80236141295689e-236	14	ETV3
0	6.83203526888223	0.641	0.009	0	15	MKI67
0	6.79408099211208	0.425	0.005	0	15	GTSE1
0	6.45783229769255	0.362	0.005	0	15	ASPM
0	6.38915060228963	0.567	0.009	0	15	RRM2
0	6.38554606497374	0.262	0.002	0	15	DLGAP5
0	6.28262788491166	0.731	0.022	0	15	TYMS
0	6.26374295312701	0.29	0.004	0	15	PKMYT1
0	6.24864627079691	0.348	0.005	0	15	HMMR
0	6.21923824054095	0.492	0.008	0	15	AURKB
0	6.21889536615429	0.323	0.003	0	15	SPC25
0	6.13531809055364	0.426	0.006	0	15	CCNA2
0	6.09776142722574	0.851	0.03	0	15	KIAA0101
0	6.05628028441535	0.316	0.005	0	15	PLK1
0	6.00267881175015	0.341	0.006	0	15	CDCA3
0	5.9580873449416	0.364	0.005	0	15	CENPA
0	5.93880169576738	0.257	0.004	0	15	CKAP2L
0	5.90485993709887	0.559	0.013	0	15	TOP2A
0	5.80596898976241	0.354	0.006	0	15	CDCA5
0	5.7505287988693	0.316	0.005	0	15	CEP55
0	5.69459156709066	0.41	0.011	0	15	CCNB2
0	5.6797103637818	0.264	0.003	0	15	NCAPG
0	5.66562931760049	0.402	0.01	0	15	CDC20
0	5.62593805081912	0.644	0.015	0	15	BIRC5
0	5.55983079866228	0.484	0.015	0	15	CDT1
0	5.55543954430403	0.315	0.007	0	15	UHRF1
0	5.54363222118594	0.259	0.005	0	15	MELK
0	5.52214721765607	0.336	0.007	0	15	MND1
0	5.48317708558889	0.492	0.012	0	15	CLSPN
0	5.48204216325608	0.446	0.01	0	15	TPX2
0	5.47206867051526	0.615	0.023	0	15	UBE2C
0	5.47119270901402	0.289	0.005	0	15	KIF11
0	5.42738138327561	0.348	0.007	0	15	NUF2
0	5.41549285381631	0.29	0.006	0	15	KIFC1
0	5.3838732272258	0.305	0.008	0	15	TROAP
0	5.37250662437643	0.336	0.008	0	15	SHCBP1
0	5.3336256025585	0.521	0.017	0	15	CENPF
0	5.33284557442209	0.284	0.006	0	15	CDCA8
0	5.30650180605042	0.549	0.019	0	15	CDK1
0	5.21296974043973	0.613	0.024	0	15	ZWINT
0	5.16752533452921	0.584	0.019	0	15	CDKN3
0	5.14283219096759	0.638	0.024	0	15	NUSAP1
0	5.12876496788858	0.649	0.032	0	15	TK1
0	5.04348486567155	0.467	0.014	0	15	ASF1B
0	4.91386429090491	0.277	0.007	0	15	FOXM1
0	4.73963548010109	0.325	0.011	0	15	CENPE
0	4.60225875632444	0.354	0.02	0	15	CCNB1
0	4.58012256672669	0.403	0.018	0	15	CENPU
0	4.54519989193631	0.339	0.018	0	15	GINS2
0	4.53310900256709	0.397	0.014	0	15	PRC1
0	4.46488591915271	0.336	0.011	0	15	SGOL1
0	9.57978566134271	0.561	0.018	0	16	IGHGP
0	8.88248345097197	0.885	0.17	0	16	IGHG1
0	8.82952433493489	0.653	0.029	0	16	IGHG2
0	8.54356444271266	0.481	0.045	0	16	IGHA2
0	8.50756846753223	0.91	0.224	0	16	IGHG3
8.12490975975438e-242	8.25654777056834	0.907	0.325	2.40773575820561e-237	16	IGLC2
0	8.05127909752782	0.367	0.004	0	16	IGLV6-57
1.81010603000352e-290	7.9904537674092	0.856	0.233	5.36406820931244e-286	16	IGHA1
0	7.75600687525633	0.766	0.17	0	16	IGLC3
0	7.75156134272425	0.907	0.201	0	16	IGHG4
1.81084440664176e-244	7.72183767482672	0.96	0.536	5.3662563146422e-240	16	IGKC
0	7.65608933709021	0.872	0.123	0	16	JCHAIN
0	7.57768608149051	0.261	0.004	0	16	IGKV1-12
0	7.28740562553981	0.344	0.003	0	16	IGLV3-1
1.34448494194781e-179	7.10795785909961	0.541	0.122	3.98424667696814e-175	16	IGHM
0	6.98190023790978	0.252	0.002	0	16	DPEP1
0	6.77786725779594	0.28	0.001	0	16	RP11-290F5.1
0	6.58547654220773	0.987	0.048	0	16	MZB1
0	6.56576642334518	0.561	0.009	0	16	JSRP1
0	6.46817038082553	0.254	0.005	0	16	IGKV4-1
0	5.77350701606885	0.949	0.035	0	16	DERL3
0	5.53269833137779	0.684	0.01	0	16	TNFRSF17
0	5.4946589891379	0.428	0.006	0	16	RP11-16E12.2
0	4.36962658085533	0.25	0.005	0	16	KCNN3
0	4.30027459184471	0.625	0.012	0	16	FCRL5
0	3.74757814299289	0.633	0.031	0	16	SPAG4
0	3.71749120239943	0.965	0.159	0	16	FKBP11
0	3.40029378294969	0.267	0.008	0	16	PKHD1L1
0	3.38492529732715	0.261	0.01	0	16	AC093818.1
0	3.00484040899699	0.998	0.702	0	16	SSR4
0	2.91507879172724	0.938	0.227	0	16	PRDX4
1.13604334443028e-303	2.85972604119567	0.96	0.387	3.3665508468847e-299	16	XBP1
0	2.84202360626943	0.269	0.02	0	16	SLC17A9
0	2.76011485396842	0.329	0.023	0	16	PAIP2B
0	2.74492100600406	0.945	0.31	0	16	SEC11C
0	2.74266886297614	0.625	0.039	0	16	POU2AF1
1.93731934743069e-202	2.68290169504046	0.261	0.029	5.7410521541761e-198	16	HIST1H2BG
0	2.5946390539327	0.901	0.163	0	16	ITM2C
0	2.57129195400705	0.366	0.035	0	16	KIAA0125
3.88212418633297e-277	2.55391536150509	0.985	0.458	1.15042868137791e-272	16	HERPUD1
0	2.53656530936126	0.6	0.063	0	16	CD38
0	2.49322364047345	0.461	0.023	0	16	PNOC
0	2.45671293879772	0.601	0.068	0	16	CHPF
0	2.36257215616533	0.358	0.029	0	16	RAB30
6.56282106626297e-290	2.34810416582029	0.314	0.029	1.94482639477637e-285	16	AL928768.3
0	2.27340625946302	0.782	0.149	0	16	PIM2
3.33449689166852e-238	2.25248548909761	0.26	0.024	9.8814480887705e-234	16	MANEA
0	2.22594583903507	0.302	0.019	0	16	CPNE5
0	2.17880485456842	0.594	0.054	0	16	SLAMF7
7.51795940513476e-305	2.12613343533944	0.799	0.171	2.22787209011764e-300	16	CRELD2
0	11.038227258421	0.743	0.002	0	17	CLEC14A
0	11.0271544539156	0.294	0.002	0	17	ACKR1
0	10.9160903656346	0.911	0.005	0	17	CLDN5
0	10.7249955561985	0.356	0.004	0	17	FCN3
0	10.560806717624	0.525	0.001	0	17	EMCN
0	10.5021832976694	0.42	0.001	0	17	MYCT1
0	10.4802231695894	0.42	0.001	0	17	CXorf36
0	10.4413389856576	0.451	0.001	0	17	ADGRL4
0	10.3461395286375	0.687	0.005	0	17	VWF
0	10.2152832078667	0.634	0.002	0	17	RAMP3
0	10.063823766353	0.556	0.001	0	17	CDH5
0	9.97697212997014	0.298	0	0	17	TEK
0	9.75689950758433	0.453	0.001	0	17	ROBO4
0	9.5793319333602	0.325	0.001	0	17	SOX18
0	9.56333970868612	0.94	0.01	0	17	RAMP2
0	9.54825131075243	0.391	0.005	0	17	TMEM100
0	9.52962052012084	0.366	0.001	0	17	MMRN2
0	9.24487906470739	0.278	0.001	0	17	MMRN1
0	9.22764272254399	0.586	0.004	0	17	CALCRL
0	8.81559681228505	0.588	0.003	0	17	PCAT19
0	8.76526253883448	0.572	0.004	0	17	PTPRB
0	8.66591872251415	0.288	0.001	0	17	SOX7
0	8.40690841380874	0.455	0.005	0	17	PLVAP
0	8.28894337528128	0.469	0.004	0	17	PCDH17
0	8.27258424108371	0.342	0.002	0	17	FAM107A
0	8.24851993657703	0.265	0.002	0	17	HSPA12B
0	8.19711969904158	0.393	0.003	0	17	CYYR1
0	7.88155330258804	0.379	0.006	0	17	NOSTRIN
0	7.81417118280606	0.465	0.003	0	17	TIE1
0	7.80622625884102	0.37	0.003	0	17	ERG
0	7.77882424809425	0.346	0.003	0	17	FAM167B
0	7.75366272408987	0.77	0.024	0	17	ECSCR
0	7.72379569884998	0.354	0.002	0	17	RASIP1
0	7.71830241442028	0.428	0.005	0	17	PALMD
0	7.54162453914127	0.611	0.007	0	17	LDB2
0	7.31709166518891	0.304	0.005	0	17	KIAA1462
0	7.24389813239673	0.27	0.005	0	17	ADGRL2
0	7.23040297480095	0.377	0.008	0	17	PODXL
0	7.15157906719994	0.477	0.009	0	17	TSPAN7
0	7.14734706487673	0.391	0.006	0	17	JAM2
0	7.13751858925979	0.928	0.046	0	17	GNG11
0	7.0567872866508	0.354	0.008	0	17	IL33
0	6.99283772704339	0.383	0.009	0	17	SLCO2A1
0	6.95831023976617	0.609	0.018	0	17	ESAM
0	6.89310616379262	0.272	0.004	0	17	RHOJ
0	6.77543098526858	0.366	0.007	0	17	TM4SF18
0	6.68466122239085	0.43	0.007	0	17	CD34
0	6.56562444625799	0.37	0.005	0	17	KANK3
0	6.43607280046474	0.463	0.011	0	17	NRN1
0	6.30888317557391	0.683	0.035	0	17	ARHGAP29
0	13.8233411447434	0.347	0	0	18	RP11-73G16.2
0	11.187708053192	0.676	0	0	18	CLEC4C
0	10.6107996129634	0.784	0.001	0	18	SCT
0	9.89298308961771	0.495	0.001	0	18	SHD
0	9.60856412952853	0.956	0.004	0	18	LILRA4
0	8.93660179578579	0.274	0.001	0	18	DRD4
0	7.93331461032979	0.711	0.006	0	18	LRRC26
0	7.31763661370371	0.455	0.002	0	18	PACSIN1
0	7.21569699894148	0.694	0.021	0	18	PTCRA
0	7.13009136140793	0.649	0.007	0	18	RP11-117D22.2
0	7.1240815017175	0.744	0.008	0	18	SMPD3
0	7.07264041573733	0.453	0.005	0	18	PROC
0	6.98601624583931	0.32	0.005	0	18	EPHB1
0	6.96243695496158	0.549	0.008	0	18	LAMP5
0	6.78663934397656	0.274	0.003	0	18	ASIP
0	6.60858141570475	0.293	0.003	0	18	PHEX
0	6.49801774092154	0.549	0.012	0	18	ZFAT
0	6.44399606533571	0.967	0.038	0	18	PLD4
0	6.41518562435879	0.395	0.009	0	18	SCAMP5
0	6.24608457719009	0.532	0.015	0	18	MYBL2
0	6.06801807113004	0.268	0.004	0	18	KRT5
0	6.0410130786462	0.694	0.025	0	18	PTPRS
0	6.03989023264411	0.279	0.007	0	18	PPM1J
0	5.611329648153	0.696	0.018	0	18	MAP1A
0	5.48269012421447	0.345	0.01	0	18	CIB2
0	5.47377159436446	0.644	0.029	0	18	IRF4
0	5.420119105149	0.559	0.024	0	18	SMIM5
0	5.17916459407728	0.43	0.024	0	18	LINC00996
0	5.06937274710971	0.688	0.045	0	18	IL3RA
0	4.97378626145547	0.977	0.194	0	18	IRF7
0	4.8788181278058	0.389	0.019	0	18	TMEM8B
0	4.79049539356197	0.663	0.022	0	18	FAM129C
0	4.76893436437681	0.368	0.015	0	18	FUT7
0	4.75218571533935	0.41	0.016	0	18	CBFA2T3
0	4.70178257298981	0.555	0.011	0	18	DNASE1L3
0	4.68134522636764	0.368	0.02	0	18	SCN9A
0	4.67632474993804	0.825	0.047	0	18	BCL11A
0	4.55086363302253	0.857	0.079	0	18	MPEG1
0	4.54847681079112	0.973	0.111	0	18	TCF4
0	4.52892507310431	0.751	0.039	0	18	DERL3
0	4.51249152290134	0.557	0.033	0	18	RUNX2
0	4.5058417295818	0.501	0.065	0	18	PTGDS
0	4.50435439570745	0.857	0.049	0	18	SPIB
0	4.47825719826195	0.59	0.042	0	18	TCL1A
0	4.45390813720046	0.969	0.161	0	18	IRF8
0	4.40129954013059	0.958	0.163	0	18	CCDC50
0	4.3686891817694	0.306	0.018	0	18	CCDC189
0	4.25137153131399	0.94	0.176	0	18	PPP1R14B
1.26968068205921e-292	4.22341086992481	0.266	0.019	3.76257173321428e-288	18	SLC7A11
0	4.18903082568245	0.32	0.015	0	18	P2RY14
0	7.12044840361709	0.465	0.004	0	19	TM4SF4
0	7.0858378156769	0.411	0.002	0	19	HHLA2
0	6.41037728648811	0.301	0.006	0	19	SCGB2A1
0	5.94531441385943	0.674	0.022	0	19	TFPI2
0	5.7564390759071	0.468	0.009	0	19	ARNT2
0	5.54130301254811	0.604	0.018	0	19	HOXD1
0	5.42355383285144	0.345	0.008	0	19	ADH1C
0	5.39748094818304	0.389	0.007	0	19	ATP10B
0	5.36168621732588	0.775	0.023	0	19	PPP1R1B
0	5.18568751691235	0.674	0.031	0	19	PDE4C
0	5.11403001803555	0.427	0.011	0	19	RP11-350J20.12
0	5.08564735496343	0.535	0.016	0	19	PLA2G10
0	5.0238364484782	0.424	0.012	0	19	CIT
0	4.81683269650144	0.965	0.094	0	19	SCGB3A2
0	4.74518838869007	0.326	0.011	0	19	SHISA3
0	4.72984057997743	0.25	0.007	0	19	IL37
0	4.69409769029423	0.56	0.019	0	19	FILIP1
0	4.65580804743555	0.614	0.029	0	19	PTPN13
0	4.63830548224786	0.31	0.01	0	19	SLC22A3
0	4.58131209270577	0.256	0.008	0	19	SLC26A9
0	4.47396665262761	0.943	0.078	0	19	AGR3
0	4.46838481354035	0.601	0.029	0	19	TMPRSS4
0	4.4579532662105	0.275	0.01	0	19	SLC46A2
0	4.45266836433365	0.291	0.014	0	19	RP3-340N1.2
0	4.43383742502528	0.396	0.013	0	19	MUC15
0	4.41898605057941	0.342	0.012	0	19	MUC21
1.43576562198408e-268	4.36727456837606	0.256	0.013	4.25474784418761e-264	19	SULT1C2
0	4.35360180377041	0.756	0.031	0	19	CHI3L1
0	4.35102546184278	0.288	0.012	0	19	STK32A
0	4.34098784028985	0.291	0.013	0	19	LGALS4
0	4.34007001937724	0.848	0.046	0	19	SFTA1P
0	4.33422187007209	0.335	0.01	0	19	SHROOM4
0	4.24456668813239	0.342	0.015	0	19	ETV4
0	4.24130149957653	0.842	0.054	0	19	SLC22A31
0	4.23061563577319	0.753	0.044	0	19	LMO3
0	4.16383530753666	0.285	0.01	0	19	RP11-469H8.6
0	4.14763139725109	0.358	0.012	0	19	ZNF385B
0	4.14694414545926	0.75	0.021	0	19	AQP5
0	4.1416542821868	0.994	0.148	0	19	WFDC2
0	4.10038431116934	0.326	0.012	0	19	HLF
0	4.09780877317834	0.25	0.01	0	19	SCTR
0	4.073712323097	0.484	0.022	0	19	MMP28
0	4.06660282240362	0.278	0.011	0	19	HSD17B1
0	4.03659758774519	0.63	0.036	0	19	PON3
0	4.01898251265838	0.358	0.016	0	19	KCNK5
0	3.96956921968584	0.953	0.094	0	19	TFPI
7.37822117510011e-307	3.96056160098018	0.301	0.016	2.18646206302917e-302	19	SLC6A14
0	3.93496655848071	0.332	0.016	0	19	CGNL1
0	3.92407596298426	0.744	0.051	0	19	MET
0	3.90086054590141	0.345	0.019	0	19	HPN
0	11.5068103547371	0.446	0	0	20	C1orf105
0	9.99842484823272	0.319	0	0	20	RP11-230G5.2
0	9.19307350082556	0.562	0.001	0	20	PADI1
0	8.58727768776391	0.958	0.008	0	20	NUPR2
0	8.55368237340368	0.873	0.005	0	20	KRT6A
0	8.44609363850984	0.462	0.001	0	20	VTCN1
0	7.73104245409819	0.35	0.001	0	20	SERPINB5
0	7.57932199688061	0.812	0.005	0	20	PAEP
0	7.55316131783491	0.865	0.009	0	20	TCN1
0	7.45966946094583	0.258	0.001	0	20	BARX1
0	7.39465361267582	0.715	0.006	0	20	COL17A1
0	7.38824724119368	0.262	0.001	0	20	NFE4
0	7.30510658409167	0.973	0.051	0	20	CST6
0	7.23369880333754	0.338	0.002	0	20	LINC00460
0	6.9508579443797	0.381	0.002	0	20	RP11-400N13.3
0	6.74117185439618	0.485	0.007	0	20	KRT16
0	6.4850735238479	0.55	0.005	0	20	TMPRSS11E
0	6.41481723649345	0.319	0.003	0	20	EEF1A2
0	6.40633466603012	0.312	0.005	0	20	KRT5
0	6.37966047293391	0.815	0.02	0	20	AHNAK2
0	6.35436885192245	0.627	0.016	0	20	HLA-G
0	6.33718555858053	0.396	0.005	0	20	SPTB
0	6.19825447186145	0.908	0.023	0	20	WFDC3
0	5.9834574485797	0.569	0.011	0	20	SRPX2
0	5.97746493791211	0.45	0.006	0	20	FAM178B
0	5.85390134733082	0.619	0.011	0	20	LY6K
0	5.82118276813085	0.362	0.003	0	20	CT83
0	5.80235695578324	0.262	0.004	0	20	JPH3
0	5.75949552253571	0.508	0.009	0	20	RP11-254I22.3
0	5.74172122557249	0.481	0.007	0	20	CTSV
0	5.68422818037776	0.873	0.047	0	20	EGFR
0	5.66605743043883	0.4	0.006	0	20	CLDN9
0	5.65722207025114	0.554	0.015	0	20	ARG2
0	5.64811495165438	0.258	0.005	0	20	WFDC10B
0	5.643506696523	0.8	0.012	0	20	IGF2
0	5.61782815869665	0.546	0.015	0	20	CDH3
0	5.55711177066101	0.419	0.008	0	20	UPK3A
0	5.5536916439061	0.754	0.032	0	20	ITGB4
0	5.46202924774513	0.415	0.007	0	20	TRIM29
0	5.44730535919258	0.3	0.008	0	20	MAP7D2
0	5.43813694326984	0.8	0.034	0	20	SPAG4
0	5.4301721848577	0.446	0.011	0	20	CD163L1
0	5.38639951553615	0.269	0.004	0	20	C2orf82
0	5.36924107215859	0.365	0.007	0	20	BNIPL
0	5.30670174327703	0.419	0.009	0	20	STC2
0	5.15252217252601	0.9	0.046	0	20	S100A2
0	5.1296783932961	0.423	0.009	0	20	SYT8
0	5.12820170689224	0.665	0.005	0	20	KLK6
0	5.11197291006323	0.442	0.012	0	20	RP11-350J20.12
0	5.11102558413898	0.304	0.005	0	20	NCCRP1
2.66407150445543e-29	2.41581991572772	0.277	0.089	7.89470949630323e-25	21	CD8B
8.37653336873712e-62	2.32261782141943	0.45	0.124	2.48230189849156e-57	21	GZMK
3.78110803910936e-18	2.14731252200047	0.292	0.137	1.12049355630967e-13	21	SIT1
9.44248102646574e-36	2.02239895514566	0.565	0.281	2.79818482738286e-31	21	TRBC1
1.02222092724054e-22	1.98952530196322	0.431	0.254	3.02924949578462e-18	21	AKR1B1
3.05547497936141e-31	1.91405840831302	0.35	0.132	9.0545945538396e-27	21	PLCG2
1.47955316534038e-238	1.84075931000554	0.988	0.275	4.38450785016968e-234	21	SFTPC
2.5168943460856e-50	1.7460588390899	0.681	0.337	7.45856470519006e-46	21	CD2
1.79037179030799e-15	1.74260690650737	0.354	0.199	5.30558776339871e-11	21	CD27
3.15725491879964e-57	1.70301073572825	0.777	0.383	9.35620922637086e-53	21	CD3D
4.29077579278975e-24	1.69094610410196	0.469	0.237	1.27152849843531e-19	21	GZMA
4.51526317239798e-12	1.58285437487033	0.342	0.21	1.33805308850842e-07	21	ITM2A
1.11233721328562e-78	1.47873278305415	0.531	0.139	3.2963000978506e-74	21	NAPSA
2.92272376356664e-48	1.46158281340841	0.785	0.417	8.66119960095338e-44	21	TRAC
9.71358771106848e-05	1.41500090986469	0.296	0.236	1	21	HSPA1B
5.8634167221298e-14	1.4099197785826	0.496	0.386	1.73756491143594e-09	21	IL2RG
1.54323342014983e-18	1.39547439359087	0.538	0.372	4.57321791727202e-14	21	HSPA1A
2.89832317593199e-29	1.37561116682499	0.631	0.342	8.58889089955687e-25	21	CCL5
1.30018552043933e-12	1.37264420089247	0.473	0.361	3.8529697712699e-08	21	DDIT4
1.35671163726175e-10	1.36084446512827	0.404	0.279	4.02047926586148e-06	21	IL7R
1.35097987826122e-70	1.30169182784432	0.969	0.842	4.0034937712393e-66	21	RPS26
1.90007063956107e-24	1.2986358925683	0.612	0.377	5.63066933327526e-20	21	TRBC2
1.42352172478761e-14	1.27342174602789	0.369	0.194	4.2184642792356e-10	21	KLRB1
7.18126866263003e-06	1.24871579500297	0.315	0.244	0.212809715548378	21	PIK3IP1
0.00457830839580748	1.24797094470703	0.265	0.236	1	21	SEPT1
1.11472518472843e-24	1.23735549491132	0.585	0.345	3.30337661242422e-20	21	CD3E
6.19610410566427e-35	1.1472126164094	0.842	0.536	1.83615349067255e-30	21	IL32
0.00195756210758482	1.12311134573821	0.3	0.265	1	21	TUBA4A
2.79444324286711e-12	1.10542438726509	0.269	0.131	8.28105310591238e-08	21	SFTA2
1.52337971434643e-11	1.0888794746761	0.312	0.177	4.5143834454942e-07	21	MT1E
2.87565471460883e-07	1.05887442711031	0.381	0.293	0.00852171518127182	21	LCK
3.07423256704991e-09	1.05687537274596	0.315	0.189	9.11018078919572e-05	21	CTSW
0.00545717311612171	1.0373105029825	0.354	0.366	1	21	CCND3
1.07581974532397e-07	1.02688695320616	0.546	0.603	0.00318808423329304	21	ANAPC16
0.00938795060480784	0.963999837445657	0.258	0.226	1	21	FYN
1.23105093612903e-12	0.948427190017239	0.646	0.711	3.64809634412477e-08	21	SNRPD2
2.03553032308248e-10	0.947034727007513	0.6	0.552	6.03209055942263e-06	21	HCST
2.13413668050046e-06	0.927359824320095	0.508	0.502	0.0632430063899507	21	EVL
1.19207652420651e-07	0.911723457367731	0.465	0.405	0.00353259957183358	21	ISG20
9.60007268738442e-163	0.892544737541219	0.685	0.138	2.8448855401795e-158	21	SFTPA2
0.00184342360214207	0.883087684872836	0.269	0.219	1	21	CD3G
0.000246777287166091	0.872268011906161	0.488	0.57	1	21	UQCR10
7.87660597650542e-125	0.870956958579647	0.715	0.208	2.33415341507762e-120	21	IGHG4
0.000561201644928951	0.866946735708442	0.469	0.55	1	21	PTGES3
0.00244617552669681	0.860202524296868	0.269	0.224	1	21	LAT
2.04616433590222e-07	0.837053174914649	0.415	0.312	0.00606360339301263	21	CD7
3.97368844900986e-06	0.828192047514579	0.573	0.673	0.117756283497958	21	UQCR11
0.00225021836862165	0.816599951114878	0.404	0.419	1	21	GYPC
3.7355016668368e-14	0.809208919063395	0.746	0.824	1.10697856395042e-09	21	TMA7
2.18317253084351e-12	0.782810706975831	0.704	0.782	6.46961347790167e-08	21	COMMD6
0	9.10596305052272	0.445	0.001	0	22	CLDN2
0	8.32647247242338	0.307	0.001	0	22	TEX11
0	8.11032026495828	0.546	0.004	0	22	RP11-157E21.1
0	7.62508995957207	0.328	0.003	0	22	GATA6-AS1
0	7.35106091891758	0.857	0.033	0	22	ECM1
0	7.32184291490744	0.605	0.006	0	22	TEPP
0	7.14958296767805	0.664	0.012	0	22	LRRC36
0	7.13932423821555	0.298	0.004	0	22	SLC5A8
0	7.08147418615002	0.286	0.004	0	22	SLC6A20
0	6.74355373547207	0.349	0.009	0	22	GPR85
0	6.68216099646111	0.265	0.004	0	22	HSD11B2
0	6.60000601773172	0.311	0.009	0	22	MMP1
0	6.57224079883288	0.403	0.009	0	22	HAS3
0	6.25741406849616	0.63	0.028	0	22	BMP1
0	6.22409952759006	0.357	0.01	0	22	MICALCL
0	6.19212794799179	0.546	0.014	0	22	DMBT1
0	6.08969679819574	0.256	0.005	0	22	ABCA4
0	6.03613213504061	0.508	0.016	0	22	MUC3A
0	5.97496124294983	0.521	0.007	0	22	IGFL2
0	5.86046351545613	0.395	0.009	0	22	RP11-469H8.6
0	5.81550883813226	0.366	0.009	0	22	SLC1A7
0	5.77127509801105	0.34	0.014	0	22	TNFSF15
0	5.73871277110262	0.273	0.008	0	22	ITGA9
0	5.71902399060065	0.437	0.011	0	22	NTS
0	5.70477138587868	0.475	0.013	0	22	RP11-259K15.2
0	5.68535427373738	0.261	0.004	0	22	DNAH10
0	5.67715534417083	0.546	0.027	0	22	KITLG
0	5.65284839634047	0.782	0.072	0	22	GMDS
0	5.64990379445262	0.887	0.062	0	22	C16orf89
0	5.59890731200367	0.454	0.019	0	22	NRIP3
0	5.5663316248268	0.912	0.061	0	22	PIGR
0	5.56537354987156	0.475	0.01	0	22	AC008268.1
0	5.56116104509747	0.899	0.054	0	22	TPPP3
0	5.55917770847998	0.487	0.008	0	22	TM4SF18
0	5.54045739361293	0.592	0.022	0	22	HSD17B6
0	5.48951335268474	0.63	0.023	0	22	MACROD2
0	5.4672554844115	0.487	0.021	0	22	DOK4
3.75820508757115e-156	5.461740603354	0.845	0.251	1.11370649565083e-151	22	AKR1B1
4.351770308639e-303	5.44831121999051	0.261	0.009	1.28960361326208e-298	22	FOXP2
2.79856445679555e-295	5.43366498989574	0.424	0.027	8.29326591126793e-291	22	WFDC3
3.77725492928534e-271	5.30138267686097	0.261	0.011	1.11935172574442e-266	22	HS6ST2
0	5.29568750369242	0.492	0.018	0	22	CYP3A5
0	5.25859403887415	0.319	0.011	0	22	ERICH2
0	5.25536265092473	0.298	0.011	0	22	U47924.27
0	5.24673789882637	0.828	0.067	0	22	TMEM125
0	5.24123877407696	0.689	0.049	0	22	IRX3
0	5.23875071696601	0.584	0.03	0	22	TNC
2.75678303580522e-238	5.19333006029664	0.315	0.018	8.16945084830519e-234	22	SCNN1B
2.69826962855032e-236	5.11930367757043	1	0.276	7.99605221724603e-232	22	SFTPC
0	5.06490238174203	0.718	0.021	0	22	PGC
0	10.5231662378199	0.254	0.001	0	23	CCK
0	10.3667487779141	0.564	0.002	0	23	TAC3
0	9.64073900668025	0.343	0	0	23	TDRD1
0	9.11975093308807	0.572	0.002	0	23	CLDN6
0	9.02799337022541	0.394	0.001	0	23	SLC7A10
0	8.88180181310739	0.271	0.001	0	23	MAGEA6
0	8.78430296845757	0.309	0.001	0	23	MAGEA3
0	8.51905584350988	0.292	0.003	0	23	UPK2
0	8.10286527341972	0.314	0.003	0	23	COL2A1
0	8.03669974111802	0.424	0.002	0	23	CSAG1
0	7.46809080045881	0.275	0.002	0	23	XAGE2
0	7.41044618500259	0.483	0.004	0	23	MS4A15
0	7.3281532915803	0.314	0.003	0	23	LGSN
0	7.21122269169336	0.25	0.003	0	23	HOXC10
0	6.7924277373784	0.292	0.004	0	23	KCNMB2-AS1
0	6.75211676349696	0.398	0.009	0	23	CBLC
0	6.65185026068998	0.326	0.005	0	23	PRAME
0	6.40989038702099	0.665	0.02	0	23	MDFI
0	6.33483229137347	0.288	0.007	0	23	CLDN9
0	6.32350343117491	0.318	0.007	0	23	RP3-512B11.3
0	6.21378569578776	0.343	0.008	0	23	THSD7A
0	6.18766015474546	0.25	0.005	0	23	VGLL1
0	6.10876557172167	0.258	0.003	0	23	ADRB1
0	5.99937833551854	0.483	0.016	0	23	HIST1H2AE
0	5.99778296266522	0.466	0.024	0	23	LIPH
0	5.71329042171609	0.28	0.007	0	23	HMGA2
0	5.6169028624882	0.377	0.014	0	23	FBXO17
0	5.598451360024	0.585	0.032	0	23	IGF2BP2
0	5.55957848301014	0.589	0.024	0	23	GTSF1
0	5.43452957929112	0.754	0.084	0	23	HIST1H2AC
0	5.33379258088709	0.267	0.009	0	23	HIST1H2BJ
0	5.32336103651493	0.542	0.024	0	23	MSLN
0	5.26225463429895	0.254	0.007	0	23	HIF3A
2.24541041511545e-282	5.10645292065206	0.856	0.135	6.65404922415312e-278	23	HIST1H1C
9.43075749123752e-284	5.04472139551514	0.356	0.019	2.79471067495333e-279	23	CYP2S1
6.62531385399963e-247	5.04373043086292	0.318	0.018	1.96334550749425e-242	23	ANKRD29
0	5.01737194334423	0.403	0.022	0	23	MISP
0	5.00890174891565	0.47	0.028	0	23	HIST1H2BC
0	4.93340774573848	0.513	0.032	0	23	TACC2
0	4.90030443877313	0.347	0.014	0	23	WIF1
0	4.87025631506731	0.648	0.056	0	23	S100P
8.25969284082672e-292	4.84932860928056	0.326	0.015	2.44767737645059e-287	23	CLIC5
1.13444781686839e-278	4.78890466296524	0.322	0.016	3.36182266050777e-274	23	TEAD3
8.47005989893774e-287	4.77303914110139	0.263	0.01	2.51001755045121e-282	23	IGF2BP3
0	4.72285654108505	0.508	0.031	0	23	PHGDH
1.8896345356896e-307	4.62741543465982	0.364	0.018	5.59974298306256e-303	23	NPNT
4.06083102717259e-257	4.61942240850584	0.258	0.011	1.20338666659233e-252	23	DMD
1.77035861291131e-211	4.57923968052883	0.288	0.017	5.24628071350137e-207	23	KLHL23
6.24298719217013e-202	4.52906339361756	0.466	0.047	1.8500468245277e-197	23	GSTM3
1.18247168807092e-272	4.51862642625862	0.826	0.123	3.50413660042935e-268	23	ID1
0	10.1020361008021	0.968	0.007	0	24	BPIFB2
0	9.71126195640593	0.968	0.006	0	24	TFF1
0	8.56159907904357	0.382	0.003	0	24	HTR2B
0	8.49138165063239	0.419	0.006	0	24	NKX2-8
0	8.39605751727857	1	0.04	0	24	TFF3
0	7.99103148230577	0.817	0.012	0	24	BPIFA1
0	7.95064954827872	0.446	0.003	0	24	CD177
7.5612568541972e-254	6.87878970446445	0.258	0.009	2.2407028561728e-249	24	PAX9
0	6.77009418526843	0.263	0.007	0	24	SLC25A21-AS1
0	6.38326325559852	0.403	0.013	0	24	LGALS4
0	6.29880864709984	0.538	0.028	0	24	ZG16B
0	6.17265674941447	0.253	0.007	0	24	BEX1
1.86622827074803e-167	5.95754345025395	0.253	0.013	5.53038085753471e-163	24	LINC01207
0	5.84392114308169	1	0.146	0	24	SCGB3A1
1.6819661456069e-160	5.64093813451375	0.398	0.035	4.98433847589148e-156	24	FAM3B
1.06402370528488e-206	5.57945571267023	0.253	0.011	3.15312784824122e-202	24	PGF
0	5.55195402168422	0.274	0.008	0	24	SCGB2A1
9.42483953490566e-131	5.44483024654451	0.387	0.041	2.79295694777394e-126	24	TMEM45B
0	5.35870486658511	0.715	0.054	0	24	SOD3
4.30257162372913e-82	4.91470907453547	0.586	0.148	1.27502407497589e-77	24	PSMD1
2.12435460838106e-105	4.83959945399371	0.409	0.055	6.29531244647642e-101	24	QPRT
5.79320886207997e-90	4.77627559884005	0.29	0.032	1.71675951418878e-85	24	DNAJC12
2.49549281987192e-103	4.66370511938769	0.575	0.117	7.39514342240846e-99	24	MBIP
1.15876525890652e-149	4.63641292040499	0.253	0.015	3.43388496824357e-145	24	KLK11
6.11024964915997e-84	4.46796660973788	0.457	0.086	1.81071138103206e-79	24	LAPTM4B
5.21413307618579e-61	4.28785930840493	0.269	0.038	1.5451561957969e-56	24	SPAG4
3.87568437304935e-97	4.28733712766019	0.441	0.07	1.14852030710945e-92	24	RAMP1
2.94275921670221e-58	4.25079490151215	0.258	0.037	8.72057266277533e-54	24	PLOD2
7.23878698331652e-72	4.23615278185318	0.301	0.042	2.14514213463602e-67	24	VSIG2
1.69543074556768e-70	4.14779949419528	0.328	0.05	5.02423947141527e-66	24	PFN2
2.19211606031731e-89	4.10238398837294	0.468	0.084	6.49611673314432e-85	24	MALL
7.32809971737433e-33	3.97430815082396	0.317	0.089	2.17160907024671e-28	24	TP53I3
1.84009345265147e-148	3.9005136355865	0.581	0.08	5.45293293758735e-144	24	CRABP2
1.09163539466527e-52	3.80948181152713	0.392	0.093	3.23495232855107e-48	24	GOLM1
1.84541420693664e-57	3.78363756992803	0.462	0.121	5.46870046083603e-53	24	AAMDC
7.28392629132911e-60	3.77133329322506	0.36	0.07	2.15851871717247e-55	24	KRTCAP3
3.83245523935341e-107	3.65744733450243	0.613	0.124	1.13570978562999e-102	24	EPCAM
3.26983599061598e-46	3.65200290608518	0.312	0.065	9.68983197459139e-42	24	PYCR1
1.36877330590298e-56	3.6515302659099	0.306	0.052	4.05622281471288e-52	24	TSPAN1
9.5138791965006e-166	3.59212307600086	0.817	0.152	2.81934296109099e-161	24	WFDC2
1.27789877913708e-39	3.48094368459912	0.306	0.071	3.78692524209483e-35	24	PRSS8
3.13957700705189e-62	3.40728415792339	0.366	0.068	9.30382250269756e-58	24	FOLR1
6.72682063066069e-82	3.36571635232158	0.425	0.072	1.99342602568999e-77	24	PCSK1N
5.21792632280358e-27	3.32220341125034	0.328	0.107	1.54628028649961e-22	24	SERINC2
6.97811514962025e-35	3.31412453658709	0.263	0.058	2.06789464343846e-30	24	CADM1
1.45086726932954e-64	3.29819404466541	0.446	0.098	4.29950006593116e-60	24	SMIM22
6.41805667742384e-108	3.29397856283878	0.634	0.127	1.90192691578778e-103	24	CLDN4
1.81459788408176e-103	3.20390754616391	0.672	0.153	5.37737936968788e-99	24	KRT8
1.35387814646651e-74	3.1801879995318	0.392	0.066	4.01208249923885e-70	24	C16orf89
2.83210731432005e-36	3.12988184088523	0.349	0.097	8.39266681525604e-32	24	NTHL1
0	15.5153542111969	0.315	0	0	25	MIR219A2
0	13.7510419450663	0.978	0.004	0	25	PLP1
0	13.537556603369	0.461	0	0	25	HEPACAM
0	13.4862913787459	0.551	0	0	25	LINC00844
0	13.4246692209839	0.753	0	0	25	AMER2
0	13.4107041371056	0.68	0	0	25	MOG
0	13.1212034751107	0.365	0	0	25	CNTNAP4
0	13.0737059228347	0.831	0.001	0	25	STMN4
0	13.0424642901651	0.629	0	0	25	CNTN2
0	12.8158162624632	0.287	0	0	25	LINC00320
0	12.7257252931365	0.758	0	0	25	NKX6-2
0	12.6095863424252	0.287	0	0	25	GPR62
0	12.3975783470813	0.472	0	0	25	HAPLN2
0	12.355017364922	0.775	0.001	0	25	CMTM5
0	12.2533549535677	0.742	0.001	0	25	CNDP1
0	12.2165116290597	0.382	0	0	25	SOX10
0	11.7616275456628	0.691	0.001	0	25	MOBP
0	11.735634892291	0.253	0	0	25	NKX2-2
0	11.6868291792795	0.893	0.003	0	25	TF
0	11.6619081750501	0.365	0	0	25	PMP2
0	11.6532732942192	0.455	0	0	25	SLC24A2
0	11.5868206545757	0.348	0	0	25	NKAIN2
0	11.3995067083505	0.876	0.002	0	25	MAG
0	11.1954991579518	0.41	0	0	25	OLIG2
0	11.1806925583899	0.483	0	0	25	HEPN1
0	10.975526221953	0.933	0.008	0	25	APLP1
0	10.9402713614554	0.607	0.001	0	25	ELAVL3
0	10.9317198835905	0.803	0.002	0	25	OLIG1
0	10.8194617918513	0.517	0.001	0	25	TMEM151A
0	10.7323831104625	0.41	0.001	0	25	PHYHIPL
0	10.5199186515131	0.337	0.001	0	25	PRR18
0	10.4536952462424	0.809	0.003	0	25	TUBB4A
0	10.4181232977117	0.298	0	0	25	PEX5L
0	10.4103659848282	0.848	0.008	0	25	S100A1
0	10.278354197605	0.545	0.002	0	25	HHATL
0	10.2631376170564	0.287	0	0	25	DPYSL5
0	10.2429351176654	0.831	0.004	0	25	MT3
0	10.225761435291	0.275	0	0	25	RP11-809C18.3
0	10.1675740151645	0.354	0.001	0	25	KCNJ10
0	10.0278673788164	0.994	0.024	0	25	CRYAB
0	9.7485305996982	0.36	0.001	0	25	AC018647.3
0	9.59020962486768	0.315	0.001	0	25	TMEFF2
0	9.34517347018107	0.77	0.006	0	25	KLK6
0	9.32242682318184	0.601	0.005	0	25	GJB1
0	9.32229252126448	0.612	0.002	0	25	SPOCK3
0	9.27495799167687	0.416	0.003	0	25	PLEKHH1
0	9.19385560350082	0.871	0.006	0	25	ERMN
0	9.19346022543976	0.337	0.001	0	25	C8orf46
0	9.14438626530498	0.343	0.002	0	25	HCN2
0	9.12338114807221	0.303	0.001	0	25	GRM3
0	9.7736851370362	0.831	0.001	0	26	TRPM8
0	9.08098105893406	1	0.04	0	26	HP
0	8.93531491226288	0.981	0.003	0	26	LINC00922
0	8.14759584213313	0.488	0.001	0	26	MUC5AC
0	8.05961868375863	0.988	0.033	0	26	MUC5B
0	7.98119767318302	0.744	0.004	0	26	LTF
0	7.84953716382363	0.863	0.007	0	26	CAPN13
0	7.70941539516944	0.656	0.003	0	26	ERN2
0	7.37700942604545	0.95	0.024	0	26	AQP5
0	7.30109967256027	0.975	0.027	0	26	CTSE
0	7.19793616445475	0.956	0.033	0	26	CHI3L1
0	6.95520841470116	0.356	0.002	0	26	RIMS1
0	6.92331366299148	0.562	0.003	0	26	TFAP2D
0	6.50477105709012	0.325	0.002	0	26	B3GNT6
0	6.36743206224614	0.45	0.002	0	26	TYRP1
0	6.32924757820818	0.288	0.005	0	26	SPRR2D
0	6.04326287274458	0.575	0.005	0	26	LINC01436
0	6.02946877504724	0.25	0.002	0	26	BRINP1
0	6.02307413023259	0.256	0.003	0	26	CHRD
0	5.9365508880421	0.969	0.03	0	26	TNC
0	5.85667430422632	0.575	0.008	0	26	ATP10B
0	5.82860093038594	0.694	0.011	0	26	SHISA3
0	5.82751530121608	0.6	0.009	0	26	LYPD1
0	5.74587667718062	0.581	0.01	0	26	GALNT14
3.39461596784828e-259	5.73551400118727	1	0.146	1.00596049591216e-254	26	SCGB3A1
0	5.71094429302808	0.281	0.003	0	26	CTD-2547H18.1
0	5.65915020038837	0.462	0.007	0	26	HMGA2
0	5.61788666005435	0.762	0.021	0	26	SMAD1
0	5.59133523809025	0.806	0.01	0	26	SULF1
0	5.57829374968872	0.819	0.022	0	26	LRIG3
0	5.56920194959826	0.35	0.005	0	26	SLCO1B3
0	5.51342999227152	0.8	0.022	0	26	TMEM150C
0	5.49962810039579	0.5	0.009	0	26	C6orf141
0	5.47061594121076	0.9	0.036	0	26	SPINK5
0	5.43665396914569	0.681	0.009	0	26	DNM3
0	5.43501008939517	0.725	0.042	0	26	NRGN
0	5.41540456916653	0.931	0.03	0	26	TMPRSS4
0	5.37819073848501	0.575	0.009	0	26	RP11-469H8.6
0	5.35465265831984	0.488	0.013	0	26	FGFBP1
0	5.32215325174606	0.669	0.015	0	26	TFAP2A
0	5.32197751718339	0.3	0.005	0	26	AC005256.1
0	5.29490796795162	0.356	0.007	0	26	XDH
0	5.29309486413514	0.438	0.009	0	26	STC1
0	5.19944751718932	0.787	0.023	0	26	SPDEF
0	5.18424066806877	0.406	0.006	0	26	GLB1L3
0	5.14870442436198	0.806	0.025	0	26	KRT15
0	5.14659199996886	0.288	0.005	0	26	SH3RF2
0	5.13059755058351	0.475	0.01	0	26	HS6ST2
0	5.12637013575875	0.25	0.004	0	26	AKR1B10
0	5.12559548078842	0.869	0.034	0	26	TMEM45A
0	5.45987960695327	0.928	0.008	0	27	TFF1
0	5.16398516243992	1	0.042	0	27	TFF3
0	5.12569840625859	0.946	0.009	0	27	BPIFB2
2.44980986987359e-79	4.94264113243026	0.261	0.018	7.2597665683834e-75	27	ADORA3
7.32291609534657e-132	4.69624310221497	0.45	0.034	2.170072955695e-127	27	SLC1A3
2.1325913101629e-299	4.53306593140886	0.27	0.005	6.31972108853673e-295	27	CD177
2.44528229870239e-55	4.28865816847567	0.27	0.028	7.24634956397466e-51	27	MERTK
0	4.27510300421031	0.838	0.014	0	27	BPIFA1
3.27385649495265e-51	4.26558315951003	0.261	0.028	9.70174633714267e-47	27	IL10
7.44515625854579e-85	4.21995535025877	0.919	0.254	2.20629760565746e-80	27	CCL3
3.88995868218526e-93	4.20908208805582	0.252	0.015	1.15275035587878e-88	27	LGALS4
2.49478973205912e-108	4.19087953765461	0.523	0.054	7.39305989198401e-104	27	FOLR2
1.97356884929134e-58	4.15994425128223	0.712	0.187	5.84847392798994e-54	27	CCL3L3
5.85919059617154e-72	4.13896828693485	0.342	0.034	1.73631254126947e-67	27	OTOA
4.26249680735147e-39	4.13203561374479	0.27	0.038	1.26314830389053e-34	27	NLRP3
1.81373205782375e-92	4.05975224397424	0.991	0.32	5.37481358015491e-88	27	APOE
1.8648597701828e-119	4.04484088735278	0.405	0.029	5.52632544295971e-115	27	ZG16B
3.12334066135307e-97	3.75114314684209	0.351	0.027	9.25570771585368e-93	27	TMIGD3
4.43390795298608e-180	3.68023678778776	1	0.147	1.31394428278789e-175	27	SCGB3A1
4.90314181839686e-61	3.6387174880332	0.802	0.229	1.45299704646373e-56	27	CCL4L2
1.25159338923616e-24	3.61655581565794	0.261	0.052	3.70897184966243e-20	27	KCNMA1
2.2801464372058e-79	3.58070147913875	0.784	0.173	6.75698595201566e-75	27	RNASE1
4.90838547698892e-58	3.54378740510046	0.387	0.053	1.4545509522509e-53	27	GPR34
6.49673718504093e-84	3.49896295949566	0.667	0.113	1.92524309741503e-79	27	TREM2
5.94600562567993e-99	3.43485598678316	0.712	0.112	1.76203930711399e-94	27	CD163
1.01168199516755e-59	3.3675344499817	0.802	0.249	2.99801842447952e-55	27	IER3
1.15982686824161e-49	3.35810983890958	0.568	0.133	3.43703094134719e-45	27	CPM
1.63950742826111e-57	3.35355881298539	0.604	0.13	4.85851631290898e-53	27	MS4A4A
3.45389896081508e-75	3.28073002051815	0.694	0.135	1.02352841804794e-70	27	IL1B
4.72763156399739e-81	3.27863369430554	0.595	0.09	1.40098633767499e-76	27	PLTP
4.06768879046483e-110	3.25062903820131	0.919	0.175	1.20541889616635e-105	27	C1QC
1.40349647425997e-43	3.23951876856568	0.459	0.094	4.15912145182201e-39	27	ADAP2
1.14319123646071e-74	3.18164656241322	0.775	0.176	3.38773291012768e-70	27	GPNMB
6.11959768157586e-73	3.17558594471987	0.865	0.237	1.81348157695819e-68	27	CXCL8
2.24955396079277e-36	3.10116331259237	0.541	0.147	6.66632820741329e-32	27	HMOX1
2.40776444420475e-20	3.08549533554956	0.315	0.085	7.13516915395636e-16	27	EGR2
3.17355964420331e-82	3.0789883584202	0.739	0.141	9.40452664963209e-78	27	VSIG4
2.10739318988694e-33	3.04082642842984	0.559	0.173	6.24504897891096e-29	27	CXCL3
3.1180576166547e-44	3.03813660822667	0.577	0.147	9.24005194119453e-40	27	SEPP1
6.55977821136228e-94	3.03571659479545	0.973	0.243	1.9439246751551e-89	27	C1QB
7.14989378353382e-37	3.02507005666849	0.541	0.149	2.11879952381241e-32	27	PSMD1
5.89649644481914e-22	3.01366859396998	0.261	0.056	1.74736775645771e-17	27	QPRT
8.03101465885412e-38	3.01042712625095	0.396	0.078	2.37991088400483e-33	27	C3AR1
8.62268606269289e-44	2.95664468258903	0.486	0.104	2.55524678781841e-39	27	SLCO2B1
7.85997117466483e-18	2.93946277098832	0.288	0.078	2.32922385790018e-13	27	THAP2
3.76362399730017e-41	2.93268356003274	0.82	0.339	1.11531233535993e-36	27	CCL4
2.35487502859131e-53	2.92546545225426	0.64	0.155	6.97843665972749e-49	27	RNASE6
2.80405069056984e-92	2.87590872151459	0.757	0.13	8.30952381643466e-88	27	SPP1
5.32874831769811e-85	2.86733855286865	0.973	0.263	1.57912127646666e-80	27	C1QA
5.09536166076201e-14	2.85715875597454	0.279	0.089	1.50995947455021e-09	27	NRP2
0	13.0632996942721	0.282	0	0	28	APOBEC4
0	12.7685011587936	0.291	0	0	28	C1orf141
0	12.3383987574073	0.345	0	0	28	RP11-347J14.7
0	12.2148408359371	0.445	0	0	28	MAP3K19
0	11.949427736065	0.3	0	0	28	EPPIN
0	11.922597070911	0.409	0	0	28	ADGB
0	11.8988393573399	0.973	0.003	0	28	C20orf85
0	11.7894990748442	0.745	0.001	0	28	CATSPERD
0	11.7790502595565	0.455	0	0	28	C1orf158
0	11.6627961846415	0.845	0.001	0	28	FAM216B
0	11.6326314846068	0.845	0.001	0	28	C11orf97
0	11.599276747258	0.409	0	0	28	SRGAP3-AS2
0	11.4952205785083	0.855	0.001	0	28	WDR38
0	11.3719090664996	0.536	0	0	28	CFAP77
0	11.3042421127761	0.391	0	0	28	CFAP206
0	11.2760008155417	0.664	0.001	0	28	CFAP52
0	11.2742073480996	0.609	0.001	0	28	DYDC2
0	11.2564505703353	0.445	0	0	28	LRRC71
0	11.2519528034981	0.682	0.001	0	28	C6orf118
0	11.2382964999336	0.436	0	0	28	C1orf87
0	11.1358571528036	0.473	0	0	28	DNAI1
0	11.0959617542277	0.955	0.002	0	28	C11orf88
0	11.0823687637585	0.573	0.002	0	28	TMEM190
0	11.0432121949999	0.973	0.004	0	28	C1orf194
0	11.0364866303508	0.718	0.001	0	28	DRC1
0	11.0329374622028	0.755	0.001	0	28	TEKT1
0	10.9746261032526	0.527	0	0	28	DCDC2B
0	10.9646418859258	0.682	0.001	0	28	TUBA4B
0	10.9644857749203	0.982	0.007	0	28	C9orf24
0	10.9367458532387	0.755	0.001	0	28	DNAH12
0	10.9280057519625	0.709	0.001	0	28	RP11-356K23.1
0	10.9175436783206	0.345	0	0	28	LINC01571
0	10.9055927966788	0.645	0	0	28	ZBBX
0	10.8567284206444	0.564	0.001	0	28	ANKRD66
0	10.8551669126579	0.936	0.002	0	28	SNTN
0	10.8371801646572	0.882	0.002	0	28	CAPSL
0	10.8244101423214	0.982	0.005	0	28	FAM183A
0	10.7539239098975	0.591	0.001	0	28	AKAP14
0	10.7280036314387	0.9	0.002	0	28	CFAP126
0	10.7092801855469	0.473	0	0	28	PIH1D3
0	10.7049851806313	0.809	0.002	0	28	EFCAB1
0	10.6409509973479	0.573	0.001	0	28	STOML3
0	10.6361354467462	0.864	0.002	0	28	MORN5
0	10.5867705856458	0.564	0	0	28	VWA3B
0	10.5757441775494	0.436	0	0	28	TTC29
0	10.5734063576365	0.673	0.001	0	28	CFAP43
0	10.548384451821	0.664	0.001	0	28	ERICH3
0	10.4971660297931	0.273	0	0	28	WFDC6
0	10.4364970780917	0.627	0.001	0	28	TSPAN19
0	10.4317693065084	0.282	0	0	28	CCDC60
1.35200915065905e-17	3.21015595654209	0.404	0.082	4.00654391706303e-13	29	LEF1
9.02397135931392e-22	2.6153845739839	0.298	0.037	2.67416367261909e-17	29	MUC5B
1.00136963161707e-08	2.58996912689494	0.277	0.072	0.000296745876633402	29	XXbac-BPG299F13.17
8.19825926807493e-09	2.4647371870907	0.277	0.069	0.000242947215150132	29	TNFRSF25
2.42240969274705e-182	2.43479437655306	0.894	0.043	7.17856888348661e-178	29	HP
7.77936839169529e-10	2.33714041264647	0.34	0.093	2.30533802919498e-05	29	FLT3LG
3.44521203006602e-08	2.21986755835306	0.298	0.084	0.00102095413298976	29	MAL
4.82420726878853e-11	2.17115697595977	0.617	0.297	1.42960558203279e-06	29	NOSIP
5.9304343072884e-08	2.09074449555413	0.319	0.096	0.00175742490262184	29	BCL11B
8.88094783889802e-05	1.96017763500996	0.277	0.112	1	29	SATB1
6.29160315967708e-08	1.95786177807232	0.447	0.179	0.00186445368033871	29	TCF7
1.93192060935245e-05	1.90401548736089	0.298	0.113	0.572505353375506	29	TRAT1
2.24343465291207e-08	1.89569998761706	0.447	0.165	0.000664819425043963	29	CCR7
0.000347388066089994	1.82442020423051	0.319	0.157	1	29	RASGRP2
1.51010909910966e-08	1.78368636748673	0.511	0.214	0.000447505730430157	29	SELL
8.10577512545016e-06	1.78040165661489	0.468	0.253	0.24020654006759	29	TRAF3IP3
1.16574591525108e-13	1.76929345887428	0.702	0.279	3.45457144525504e-09	29	IL7R
0.0015419935206206	1.741368004612	0.255	0.121	1	29	SUSD3
3.90723381447089e-08	1.73235412035237	0.553	0.248	0.0011578696685803	29	GIMAP7
3.21209362255623e-05	1.71660057074582	0.426	0.226	0.951871824108313	29	PIM1
0.000159413601390686	1.619699473743	0.34	0.158	1	29	FAM65B
8.60911769382242e-07	1.58376713388655	0.553	0.307	0.0255122593738733	29	SOCS3
0.000530639045090003	1.54648065267175	0.319	0.158	1	29	PIM2
1.41045283504373e-15	1.53135261974968	0.936	0.459	4.17973593136859e-11	29	LTB
1.03008844435346e-58	1.4434022389773	0.915	0.149	3.05256409599704e-54	29	SCGB3A1
4.06328916787732e-11	1.34580117747121	0.787	0.378	1.20411511200876e-06	29	TRBC2
1.04039361647892e-05	1.33933864920111	0.511	0.276	0.308310244307363	29	TNFAIP8
4.98105284446425e-09	1.28901194067802	0.809	0.55	0.000147608519992854	29	RPS4Y1
3.95188971676109e-06	1.16600050272044	0.66	0.403	0.117110299866498	29	FYB
5.72482945489916e-22	1.16144006820069	1	0.993	1.69649596066482e-17	29	RPS3A
3.80782662627196e-11	1.12728706056676	0.957	0.538	1.12841134242943e-06	29	IL32
9.74886042311475e-19	1.1037913610866	1	0.994	2.88897729778582e-14	29	RPS6
2.41107625152078e-11	1.10123793646643	0.894	0.419	7.14498336375669e-07	29	TRAC
0.00156739193591331	1.09947101095923	0.362	0.2	1	29	CD27
0.00437165500804112	1.09195458037503	0.511	0.426	1	29	MZT2A
0.00614292625597311	1.08190303502694	0.489	0.374	1	29	ACAP1
2.36632421129848e-10	1.08166186058935	0.915	0.771	7.01236516776192e-06	29	EIF3E
7.52486914544598e-15	1.07749384502194	1	0.946	2.22991972256146e-10	29	RPL4
9.18172768708157e-07	1.05509878373258	0.681	0.347	0.0272091318278975	29	CD3E
0.00399678133305346	1.00476280008985	0.383	0.224	1	29	LAT
1.93238660553147e-06	0.970174593863352	0.617	0.312	0.0572643446683197	29	CD7
2.36783134559867e-07	0.969728611371107	0.83	0.65	0.00701683140954708	29	LDHB
3.98010198578419e-20	0.961686486731736	1	0.993	1.17946342246729e-15	29	RPS3
0.00292741426345415	0.959858313234901	0.383	0.22	1	29	CD3G
4.93661800887879e-12	0.959144677657605	0.957	0.865	1.46291738075114e-07	29	NPM1
0.000155021440838581	0.9436588621689	0.617	0.422	1	29	LEPROTL1
1.86426980278741e-14	0.933613321603739	0.979	0.976	5.52457713358022e-10	29	RPS5
5.31275648407007e-18	0.922465631231339	1	0.992	1.57438225648932e-13	29	RPL3
0.00276855463222388	0.919775985549132	0.617	0.565	1	29	SMDT1
3.94423941015542e-16	0.906633941203474	0.979	0.984	1.16883590680546e-11	29	RPL10A
