gene	p_val	avg_log2FC	pct.1	pct.2	p_val_adj
NKG7	0	-4.478269222310282	0.101	0.813	0
GZMA	0	-3.162961965050897	0.167	0.821	0
CCL5	0	-2.8804553069036665	0.303	0.937	0
CCL4	0	-2.849510636854648	0.154	0.765	0
CD8A	0	-3.523957786837257	0.087	0.687	0
IL7R	0	2.2304766335222044	0.732	0.216	0
GZMH	0	-4.745382598258805	0.034	0.545	0
CD4	0	2.7441737213780324	0.614	0.116	0
PRF1	0	-3.4068584333027676	0.127	0.607	0
LTB	0	2.8184885666242305	0.607	0.15	0
GZMB	0	-3.988759870442645	0.059	0.511	0
CST7	0	-2.2284272358986743	0.242	0.692	0
CCL4L2	0	-3.0667108655479374	0.08	0.473	0
APOBEC3G	0	-1.860976581380545	0.248	0.628	0
CTSW	0	-3.087712786060416	0.068	0.441	0
SLAMF7	0	-3.37611945708422	0.052	0.407	0
KLRD1	0	-4.251487786244642	0.027	0.374	0
GNLY	0	-3.5589292606246286	0.086	0.427	0
GZMK	0	-2.8584372327245195	0.088	0.425	0
HLA-DPB1	0	-1.4945915732013693	0.302	0.625	0
SPOCK2	0	1.2465790038881788	0.812	0.504	0
EOMES	0	-3.6316778709982964	0.035	0.339	0
HLA-DRB1	0	-1.5068203495182997	0.266	0.564	0
IFNG	0	-2.416224986455757	0.087	0.38	0
HLA-DPA1	0	-1.4095185086680164	0.299	0.591	0
MAF	0	1.5348154813600345	0.631	0.343	0
HLA-DRA	0	-1.6526512363647858	0.273	0.552	0
APOBEC3C	0	-1.312122782098995	0.339	0.613	0
PTMS	0	-1.8670300484366886	0.14	0.412	0
TCF7	0	1.9968714993783157	0.403	0.132	0
PLEK	0	-3.3187814838726366	0.057	0.325	0
TRGC2	0	-2.621533964827484	0.07	0.337	0
CD8B	0	-3.040987228521204	0.038	0.304	0
SELL	0	2.026229136770856	0.391	0.132	0
CD63	0	-1.680906040016005	0.189	0.446	0
FASLG	0	-3.1698020713930832	0.037	0.294	0
BIRC3	0	1.4880621569416614	0.563	0.308	0
ITM2C	0	-2.5588352393450835	0.082	0.336	0
HCST	0	-1.031596575637186	0.419	0.672	0
DGKA	0	1.4260570741555116	0.506	0.259	0
LAG3	0	-2.012365307435391	0.086	0.329	0
CRTAM	0	-3.7588811084437843	0.028	0.27	0
TMEM123	0	1.403582183969546	0.482	0.243	0
ID2	0	-0.8492044143641913	0.388	0.626	0
PBXIP1	0	1.4039457437434228	0.441	0.204	0
ITGA1	0	-2.2019082309861107	0.072	0.306	0
GPR183	0	1.3675815127069813	0.425	0.192	0
CCL3	0	-2.8594453851841	0.051	0.282	0
HLA-DQA1	0	-1.7790006498271782	0.167	0.394	0
RAB27A	0	-1.079214671748805	0.344	0.568	0
FXYD5	0	1.139360322080794	0.575	0.356	0
PIM2	0	1.4474245755703294	0.515	0.299	0
LEF1	0	3.124045607573593	0.254	0.039	0
RUNX3	0	-0.8824894061375894	0.366	0.577	0
SOCS3	0	1.408462800462498	0.416	0.206	0
ITGAE	0	-2.340541019859498	0.07	0.279	0
F2R	0	-1.5421986528588807	0.11	0.314	0
LINC01871	0	-1.4946637086669592	0.112	0.314	0
IKZF3	0	-0.7595207614841217	0.468	0.667	0
RHOB	0	-1.53398109267492	0.204	0.401	0
CCR7	0	2.369675679817984	0.257	0.06	0
HAVCR2	0	-2.216388550243139	0.079	0.276	0
IL6ST	0	1.6961263374740307	0.359	0.162	0
ADGRE5	0	-1.1409221549945627	0.225	0.421	0
CLEC2B	0	-1.0831292246083208	0.201	0.396	0
DUSP1	0	0.8701436376206186	0.671	0.481	0
LITAF	0	-1.0347844243504585	0.284	0.469	0
PIK3IP1	0	1.0398572386468299	0.431	0.247	0
CD28	0	1.50750019443627	0.289	0.108	0
APMAP	0	-1.2387554953760804	0.176	0.355	0
RORA	0	1.0897714738230917	0.395	0.217	0
TMEM173	0	1.2778268235764905	0.36	0.189	0
TBC1D4	0	1.5044826508728966	0.326	0.156	0
SMAP2	0	0.8821442391645937	0.562	0.393	0
FOS	0	0.9910136170451631	0.693	0.53	0
RPL4	0	0.7610396413255938	0.833	0.699	0
CD74	0	-1.1185441160576017	0.8	0.925	0
JUNB	0	1.0550598401630698	0.907	0.785	0
RPL3	0	0.6141526496357987	0.848	0.741	0
RPL8	0	0.5719478648374818	0.815	0.713	0
RPS3A	0	0.6505168802622645	0.843	0.742	0
RPS23	0	0.5336558431935772	0.849	0.754	0
RPS5	0	0.5825928665458227	0.857	0.77	0
RPL5	0	0.6151072036213066	0.885	0.803	0
RPL11	0	0.6249832005266436	0.92	0.843	0
RPS4X	0	0.6489624545690797	0.93	0.855	0
LCP1	0	-0.4782479684486738	0.818	0.892	0
PABPC1	0	0.8739611480478091	0.947	0.875	0
RPL19	0	0.5374776497401359	0.907	0.836	0
RPL13	0	0.5456948882427879	0.915	0.852	0
SH3BGRL3	0	-0.4964625176412927	0.842	0.905	0
RPS13	0	0.5913147200177407	0.928	0.868	0
RPL9	0	0.5985499400691539	0.955	0.897	0
RPLP1	0	0.5430327108774797	0.962	0.914	0
RPL39	0	0.49652302779511315	0.95	0.904	0
RPL32	0	0.6752432015685406	0.971	0.926	0
RPS12	0	0.5038720244683987	0.936	0.892	0
RPS18	0	0.4745007612383434	0.942	0.9	0
RPLP2	0	0.46727624026509895	0.94	0.904	0
RPS8	0	0.6356280559832275	0.978	0.946	0
RPS16	0	0.4194135517583595	0.965	0.935	0
RPL23	0	0.3656056131525123	0.975	0.95	0
CFL1	0	-0.40713693082679914	0.935	0.959	0
RPL30	0	0.49061623080309946	0.978	0.959	0
RPL31	0	0.4045780544097237	0.974	0.958	0
RPS27A	0	0.4385605103826684	0.982	0.968	0
RPS6	0	0.6343201944126591	0.992	0.979	0
RPL34	0	0.5934080058073912	0.992	0.98	0
EEF1A1	0	0.6517774451120442	0.999	0.994	0
HLA-B	0	-0.32910312699716293	0.989	0.994	0
HLA-C	0	-0.4879694805453534	0.993	0.998	0
TPT1	0	0.8316911069747945	0.998	0.993	0
RPS29	0	0.3556020396500532	0.996	0.992	0
RPL36	6.753517143196739e-306	0.5269951055605211	0.852	0.758	1.6405643844253518e-301
RPL37	1.273353899914059e-302	0.3919599064688608	0.966	0.943	3.093231293671232e-298
SATB1	2.761485501312866e-300	1.328841859091687	0.297	0.141	6.708200579789214e-296
LYST	5.093109581465587e-296	-1.282150852626188	0.163	0.331	1.2372181795296202e-291
CD81	1.420597994613493e-291	-0.9080826691523493	0.285	0.469	3.450916648515097e-287
SARAF	1.4987344590704389e-291	0.6448374371123249	0.727	0.599	3.64072574797391e-287
GSTP1	2.2522804387591096e-291	-1.4082658135966013	0.114	0.273	5.471239641833629e-287
CCR5	3.5498745774172275e-291	-1.3996993986885917	0.115	0.273	8.623355323461929e-287
BTG1	5.109978378421506e-286	0.5518828145614298	0.887	0.808	1.2413159476861523e-281
KLRB1	1.2070865361304491e-279	1.3876724366135107	0.257	0.114	2.932254613568087e-275
ICOS	6.972819253124582e-278	1.3021894657382396	0.327	0.175	1.6938372529690236e-273
RPL38	4.903505060196662e-268	0.4190225452456082	0.924	0.88	1.1911594492229733e-263
RPS28	1.3157516185086223e-265	0.4523171798435972	0.878	0.803	3.1962238316811455e-261
NAP1L1	3.350372684150502e-264	0.506571768172599	0.84	0.737	8.138725324338399e-260
NFKBIA	4.125625183523736e-261	0.8887457974058368	0.565	0.413	1.0021968695815861e-256
RPL13A	8.758971184227274e-258	0.36257828198684994	0.966	0.937	2.1277292800724895e-253
RPL12	1.4937060774570046e-248	0.4205919845764341	0.908	0.861	3.6285108033585556e-244
ITGB7	2.8108671804664897e-246	-1.2246842459795602	0.117	0.262	6.828158554789197e-242
EEF1B2	4.63892664878019e-246	0.7239325292354353	0.6	0.459	1.1268880615216838e-241
FCMR	3.5587854702349063e-240	1.0230802661237255	0.337	0.187	8.645001664294634e-236
CD99	7.552675522892484e-239	-0.5744551739053485	0.495	0.655	1.8346959380210422e-234
FTH1	1.1251937714576249e-237	0.5913710279129223	0.782	0.694	2.7333207096248625e-233
RPS3	2.912385005163953e-234	0.3936794657836784	0.929	0.888	7.074765654544274e-230
IRF2BP2	3.326627459452843e-232	0.8374272423548745	0.502	0.358	8.081043424502846e-228
RPS20	1.3276918270242556e-229	0.39926900257570885	0.921	0.876	3.2252289862073215e-225
PTPN22	1.0146876890575869e-227	-0.9500811658598791	0.217	0.373	2.4648793342586902e-223
ACTN4	1.4320577478280144e-227	-0.6284043500314702	0.435	0.595	3.4787546810238126e-223
ANXA5	3.604185277410146e-225	-0.9746142660811647	0.231	0.38	8.755286875884727e-221
RCAN3	1.0680766157267342e-220	1.0512445679277045	0.322	0.185	2.5945717149233827e-216
RPL21	3.9178096776099583e-218	0.3731796090616948	0.952	0.929	9.51714326885011e-214
RPS14	4.4274131745734417e-212	0.3912224589682465	0.909	0.865	1.0755072083673805e-207
RPL10A	5.920092555370271e-210	0.4418819575515802	0.857	0.8	1.4381088835505463e-205
ARPC2	5.792954178535313e-207	-0.4117410945055626	0.75	0.826	1.4072244290497984e-202
PFKFB3	2.635902627250788e-206	1.1754489325042725	0.27	0.144	6.403134662117615e-202
CTSB	2.0669342351576577e-205	0.7302922479618483	0.5	0.365	5.020996644044982e-201
LIMS1	9.875049487467708e-205	0.9822683291376316	0.358	0.225	2.3988470214956556e-200
PHACTR2	7.075663260083434e-202	1.0927989397514684	0.277	0.151	1.7188201191394678e-197
ANXA2	9.930023073650908e-202	-0.7484053932536805	0.292	0.447	2.4122012050512785e-197
RPL35A	4.187264835369322e-199	0.3616931987443195	0.915	0.871	1.0171703738079157e-194
RPL14	2.4333951339297123e-197	0.4428187798859695	0.822	0.739	5.911203459342057e-193
RARRES3	1.2474560944895576e-193	-0.6912708429702628	0.349	0.499	3.0303203447340334e-189
HLA-DQB1	2.40407315111105e-193	-1.120445047908135	0.128	0.256	5.839974498678963e-189
CD5	6.194334473152372e-191	0.8125204668511782	0.365	0.227	1.5047277302181743e-186
NR3C1	5.432861094211645e-190	0.954415623177493	0.404	0.279	1.319750617005893e-185
ZFP36L2	7.70978985861171e-188	0.5758163309472377	0.779	0.701	1.8728621524539566e-183
CTSC	4.441583939511521e-183	-0.6911192044175515	0.267	0.416	1.0789495705861387e-178
MSN	8.305999982672429e-180	-0.5112324778180917	0.516	0.645	2.0176935157907864e-175
RPL37A	8.781223219502148e-179	0.308039483923098	0.958	0.937	2.133134744481462e-174
PFN1	2.815166197691828e-178	-0.3014891215940665	0.928	0.951	6.838601727432988e-174
FYB1	6.065851596979956e-177	0.43007183925126213	0.874	0.822	1.4735166699383708e-172
RPS21	1.6183267824298165e-176	0.3892865251425959	0.862	0.807	3.9312394198785105e-172
TRAC	5.291823441750403e-175	0.35423359059606074	0.921	0.828	1.285489750470008e-170
RPL7	9.395225387924338e-175	0.6235449452796931	0.56	0.443	2.2822881512345803e-170
RACK1	4.96893624185693e-174	0.4373187746841207	0.771	0.686	1.2070539918718853e-169
RPL22	7.04152482295339e-174	0.7466511504622646	0.431	0.302	1.7105272099918374e-169
ITGB2	2.1028328984904466e-173	-0.6230771171449199	0.441	0.567	5.108201677012993e-169
SLA2	2.4475805301102997e-173	-0.9890303018123883	0.153	0.279	5.94566262374394e-169
LSP1	7.896758711110416e-173	-0.4856857964909813	0.557	0.67	1.9182806261029422e-168
EFHD2	1.3432875042645088e-172	-0.8694104345865432	0.335	0.466	3.2631140053593447e-168
CMIP	2.63124266615632e-172	-0.7840210109699722	0.248	0.385	6.391814684626932e-168
EEF2	4.752502849187046e-172	0.5649543849530769	0.596	0.479	1.1544779921245172e-167
RPS17	3.997536612791758e-171	0.4005775312873894	0.84	0.781	9.710815939793739e-167
SEPT6	3.497545024910765e-170	0.6417939024057231	0.512	0.385	8.496236374513231e-166
RPS25	1.4662788596086948e-167	0.39453195077334424	0.807	0.737	3.5618846057614414e-163
RPS2	4.154951214184978e-167	0.38928506443926736	0.835	0.767	1.0093207489498148e-162
ARID5B	8.19264314814893e-167	0.9354599117192918	0.309	0.19	1.990156873548338e-162
TNFAIP8	4.540512066864853e-166	0.7471617931948361	0.407	0.28	1.10298119128281e-161
CXCR4	8.565356092181466e-166	0.37558474164004974	0.872	0.791	2.0806963019127216e-161
AL022718.1	6.206654743647977e-163	0.5936307480725198	0.557	0.442	1.5077205703269666e-158
PSMB9	4.131491962741805e-162	-0.7206356176438496	0.266	0.397	1.0036220275892393e-157
RPL29	3.7085293122382173e-160	0.41123679328734	0.816	0.748	9.008759405289077e-156
RPL27	1.2440874585632758e-159	0.35519158967081044	0.879	0.836	3.0221372543419094e-155
CTLA4	1.6820544567992002e-156	1.0961216904999453	0.348	0.237	4.086046686456617e-152
SLC7A5	5.347829061006685e-156	-0.8900636830624611	0.161	0.28	1.2990946354997439e-151
BTG2	1.0612880387389818e-155	0.5819523533644069	0.632	0.519	2.5780809037047344e-151
RNASET2	1.5584853659002904e-153	0.9297728358989239	0.281	0.169	3.7858726508449853e-149
SEPT7	2.861557507831187e-151	-0.47828024634025423	0.504	0.628	6.95129549802352e-147
BTN3A2	6.697291059489424e-151	-0.5895859619959807	0.355	0.49	1.6269059441711709e-146
DUSP16	7.814205335381936e-151	0.8383332170580959	0.343	0.228	1.8982267600709797e-146
RPL6	8.727600029125851e-151	0.3419332955552661	0.881	0.835	2.1201085990752515e-146
CALR	3.323465306631645e-150	-0.5429577096250819	0.486	0.602	8.073361922869592e-146
GNG2	3.826117777359935e-149	-0.6121369761361617	0.358	0.488	9.294405304762754e-145
RPLP0	7.3936832707573e-148	0.5872555586524959	0.525	0.408	1.7960735401323633e-143
GALNT1	2.454797147163461e-146	-0.7754655138649087	0.205	0.329	5.96319322988948e-142
MT2A	5.4176214367766236e-145	-1.0579091457241154	0.249	0.369	1.3160485994217775e-140
ALOX5AP	9.497850687726119e-144	-0.6813951701563856	0.345	0.464	2.307217889062429e-139
FOXO1	3.564321109644584e-143	0.7861909271166675	0.332	0.218	8.658448839548623e-139
TLK1	6.196717646087037e-143	0.8972360369307605	0.284	0.177	1.505306650587463e-138
RPL10	7.750065218578285e-143	0.4254407649210008	0.767	0.702	1.882645842897037e-138
TAP1	6.972681605245204e-142	-0.500109676933352	0.433	0.559	1.693803815546165e-137
MYO1F	4.8882164602723955e-141	-0.8342277572596477	0.164	0.278	1.1874455425293703e-136
RPL18	7.112647861162745e-141	0.4236561464935664	0.736	0.656	1.727804418433654e-136
CBLB	1.1307128299980093e-139	-0.7383730964325015	0.221	0.342	2.7467276066311644e-135
PIP4K2A	1.5465951591631977e-139	-0.5780380049251794	0.372	0.501	3.75698896063924e-135
CDK2AP2	1.7230410273046966e-139	-0.7007815292364709	0.245	0.368	4.185611263528569e-135
THEMIS	2.1815921309932892e-136	-0.8108672705023566	0.175	0.289	5.299523604608898e-132
CTSD	2.4905211751086195e-136	-0.7508547695994274	0.194	0.312	6.049974038573859e-132
TSC22D3	5.4012950363758775e-136	0.5117989873487243	0.637	0.524	1.3120825902364282e-131
RPL24	3.6743193573136984e-133	0.39454271046610057	0.693	0.602	8.925656582786437e-129
IQGAP1	4.412232259899085e-133	-0.39243373663203096	0.599	0.707	1.0718194605746856e-128
COTL1	4.1727823616509733e-132	-0.5524792792510778	0.476	0.568	1.0136522912922545e-127
SLC2A3	1.7057935567177837e-131	0.7480258283900125	0.477	0.375	4.14371370797884e-127
IFI6	2.057614893264156e-130	-0.5984793346279806	0.302	0.424	4.998358098717287e-126
RPL15	2.2241047079982427e-130	0.3616694553122266	0.762	0.687	5.4027951566693314e-126
ZBTB7A	6.780459597257051e-128	-0.6312332351171548	0.267	0.387	1.647109245365683e-123
EML4	8.913973473738033e-128	0.6932210260440888	0.362	0.253	2.165382436240443e-123
ARPC5L	1.5722215128204906e-126	-0.7467107309732773	0.201	0.314	3.819240498943536e-122
ZYX	1.821682546475609e-126	-0.5452040377170384	0.392	0.508	4.4252312418985494e-122
SPN	2.526769638904257e-125	-0.5885212383984011	0.344	0.465	6.138028806826221e-121
RPL28	3.779432290156128e-123	0.2506076568814133	0.923	0.885	9.180996919247266e-119
TLN1	1.069506705677014e-122	-0.4437266521020369	0.492	0.603	2.598045689430602e-118
RPL3P4	3.6569091456955315e-122	0.6654588758823606	0.398	0.292	8.883363696723586e-118
SYNE1	1.8362435594827402e-121	-0.7503561279050429	0.211	0.321	4.4606028546954726e-117
RPL9P9	3.795882628459141e-121	0.6045115636015044	0.459	0.356	9.220958081052945e-117
FAM107B	5.277796803635532e-121	0.5048322203820919	0.561	0.461	1.2820823995391435e-116
NOP53	2.1906886924854008e-119	0.5676581858880989	0.484	0.38	5.321620971785536e-115
FKBP5	2.673736048846237e-119	0.781315195352309	0.38	0.281	6.495039609857279e-115
SH2D1A	3.6145876704190623e-119	-0.6653718906246003	0.268	0.381	8.780556368981986e-115
RPL41	7.575256219719556e-119	0.35690938990582843	0.742	0.662	1.8401812408942746e-114
RPS11	2.4645114455007693e-117	0.2653873843053489	0.908	0.87	5.986791203410469e-113
STOM	2.8096523730929855e-117	-0.580590353036451	0.244	0.36	6.82520754471748e-113
ANKRD12	7.634535467578573e-117	0.5050609518977147	0.572	0.475	1.854581355784187e-112
IL2RB	8.249006761035113e-117	-0.44571378496061564	0.48	0.598	2.0038487223906497e-112
RAC2	1.9393242747973205e-116	-0.27360553981650915	0.841	0.88	4.711006528337651e-112
EIF3E	1.310674297633867e-115	0.6541280761927887	0.379	0.279	3.18389000381219e-111
LEPROTL1	1.3257307134642077e-115	0.5300128043806556	0.499	0.397	3.2204650491472533e-111
MT-RNR1	1.4314962211183903e-114	-0.2797457448517324	0.902	0.931	3.477390620340794e-110
REEP5	8.583157593431175e-113	-0.6435676557224486	0.217	0.327	2.085020642596301e-108
GBP1	1.124748738340042e-112	-0.6837028385669746	0.193	0.298	2.7322396351756304e-108
PYHIN1	6.489815060188285e-109	-0.6065646087493584	0.256	0.367	1.5765058744209383e-104
MIAT	5.396073438499479e-108	-0.7041363324639396	0.203	0.305	1.3108141596802934e-103
CD3G	9.107084639745963e-108	-0.43399173163737537	0.589	0.664	2.2122930006870894e-103
ATP1B3	1.0534763278557693e-107	-0.6852021221550392	0.188	0.291	2.5591046956272346e-103
RPSA	1.6429953257744703e-107	0.42718993889242873	0.625	0.535	3.9911642453713433e-103
TNFAIP3	1.7392427280442776e-107	0.5095319871283053	0.674	0.595	4.224968434965159e-103
UBA52	6.760000649925886e-106	0.3192241918618688	0.824	0.774	1.6421393578799962e-101
BCL2	9.963239601107416e-106	0.8101158881362482	0.265	0.174	2.4202701639010134e-101
PEBP1	1.529822546165059e-105	0.5494810530420299	0.411	0.307	3.716244929144161e-101
LY6E	5.611773316611276e-104	-0.5883364115074121	0.233	0.339	1.3632119740712113e-99
GAPDH	3.8626126919536716e-103	-0.46815421448378425	0.648	0.707	9.383058751293859e-99
PTP4A2	1.00927079746569e-102	-0.39644753069225436	0.623	0.707	2.451720621203654e-98
AP001324.1	9.34909134407672e-102	0.5255954548596238	0.497	0.407	2.271081269303117e-97
ZFP36L1	6.897011612672086e-100	0.4282326501535558	0.772	0.719	1.675422060950303e-95
FLNA	1.6754766856246553e-99	-0.5764533822359872	0.268	0.372	4.070067964719413e-95
RPS3AP47	5.262651196092838e-99	0.6561557545431987	0.335	0.243	1.2784032285548723e-94
PREX1	6.234764773646054e-99	-0.5319628505887326	0.332	0.437	1.5145490588140993e-94
CAP1	1.726504665209417e-98	-0.39707403321850054	0.516	0.611	4.194025132726716e-94
CXCL13	7.256213580471621e-97	0.5456191423085315	0.161	0.268	1.762679402968166e-92
TAP2	9.988488515571909e-97	-0.5768327368601667	0.235	0.338	2.426403630202728e-92
CDKN1B	2.332223938846673e-96	0.5902579238648338	0.386	0.291	5.665438392246338e-92
HMGB1	1.5539536740585614e-95	-0.4448534002681317	0.538	0.611	3.7748642650230577e-91
LRRC75A-AS1	5.0520117382183855e-95	0.5025693873545012	0.465	0.371	1.2272346914480103e-90
AC016739.1	5.984389926897635e-94	0.783839820567918	0.259	0.175	1.4537280010419734e-89
ADAM8	3.3678847780952834e-93	-0.6778383795579858	0.171	0.262	8.181265702949062e-89
JUND	7.43823939777621e-93	0.26368116522875784	0.897	0.856	1.8068971145077968e-88
RAB1B	2.0046601736141425e-92	-0.5699468326236594	0.243	0.343	4.869720493743475e-88
ARRB2	2.435208570098769e-92	-0.5914074354583461	0.196	0.293	5.91560865848393e-88
NDFIP1	1.4806585748600232e-91	0.6909877621462683	0.289	0.203	3.5968158100499686e-87
SMC4	3.9924392527284144e-91	-0.7457420015362226	0.225	0.315	9.698433432727865e-87
S100A4	1.0397152805309298e-90	0.3541028658891663	0.712	0.628	2.5256763594657346e-86
RPL34P27	3.4827847721849965e-88	0.7088510996754892	0.277	0.194	8.460380768591794e-84
CYLD	1.6191006391604354e-87	0.5218359889651676	0.449	0.362	3.93311927264853e-83
LASP1	1.923731667529389e-87	-0.4723679101816112	0.323	0.425	4.673128966762391e-83
RPS13P2	3.391789366595876e-87	0.6899868129668465	0.297	0.213	8.239334729334702e-83
ANXA1	7.744267961639001e-87	-0.40350522838195535	0.31	0.422	1.881237573241346e-82
SAMHD1	1.0461923700592491e-86	0.5113199918209659	0.402	0.308	2.5414105053479278e-82
RPL18A	5.9089364788883714e-86	0.518383872371351	0.426	0.341	1.4353988494515631e-81
MAPK1	7.527299592808282e-86	-0.7233077527250416	0.169	0.255	1.8285316170849877e-81
PTPRA	2.4160726970263835e-85	-0.6093566351985725	0.186	0.276	5.869123795616491e-81
GBP5	3.33133926603663e-85	-0.3302336590132371	0.379	0.493	8.0924893450561815e-81
SLC9A3R1	4.6824140864490955e-85	-0.5653569500982858	0.203	0.297	1.1374520298802142e-80
CLIC1	5.1056312760349553e-85	-0.49441143539280286	0.281	0.381	1.2402599495744114e-80
ARAP2	6.643405793098824e-85	-0.5879948293742688	0.242	0.336	1.6138161352595663e-80
CD96	4.660702371336013e-84	-0.36043007405422767	0.5	0.596	1.1321778200449441e-79
AC024293.1	3.0534041272194934e-83	0.540264268185134	0.382	0.296	7.417329305841593e-79
CAPN2	1.935502536008154e-82	-0.5431559952483842	0.221	0.314	4.701722760471008e-78
BTN3A1	7.407930359134304e-81	-0.5098194643827124	0.286	0.38	1.799534442840905e-76
CLDND1	1.2454156344294482e-80	-0.8847203906317223	0.293	0.374	3.0253636591560155e-76
TAB2	1.950399725465619e-80	0.64085616498223	0.295	0.213	4.737911013101081e-76
ARL4C	5.850660670272023e-80	-0.3375545613181643	0.615	0.697	1.42124249002248e-75
GPR171	1.3644940428773655e-79	-0.3225930954228837	0.277	0.382	3.3146289289576964e-75
HMGB2	1.576035452991788e-79	-0.8903267989551609	0.384	0.454	3.828505322407651e-75
RAP1B	1.5987068491167987e-78	-0.5210948045240342	0.306	0.399	3.883578677874528e-74
ORMDL3	3.100084357371988e-78	-0.5043078824103195	0.254	0.346	7.530724920928033e-74
ACTR2	3.5134827083382793e-78	-0.2762073381933665	0.674	0.741	8.534952195095348e-74
SLAMF6	4.729239636981139e-78	-0.5049731483992376	0.228	0.319	1.1488268926154583e-73
TRIB2	7.129768363971033e-78	0.704051292596473	0.277	0.199	1.7319633309758434e-73
PTK2B	7.806606111675035e-78	-0.5106496787426591	0.276	0.369	1.8963807566480994e-73
PTPN6	9.966417626498674e-78	-0.6217262703317387	0.176	0.259	2.421042169829058e-73
CORO1A	2.9189541861261956e-77	-0.3212427758864993	0.574	0.654	7.090723508937754e-73
BCL11B	2.0037997360581127e-76	0.41213225894499117	0.515	0.431	4.867630318832367e-72
SNHG6	2.1599298711312632e-75	0.46581927841005966	0.429	0.347	5.246901642952065e-71
DUSP2	9.54979445545944e-75	-0.45788019957605597	0.435	0.522	2.3198360691202074e-70
SUN2	1.5003330239102066e-74	-0.3504701643637125	0.525	0.608	3.644608981682674e-70
ITK	1.5149002976341379e-74	0.49941925534939635	0.409	0.328	3.679995803012848e-70
TOMM7	2.010251117099022e-74	0.3280875240446597	0.648	0.581	4.883302013656944e-70
CCND2	3.5048573191181823e-74	-0.4352017484389741	0.411	0.497	8.513999399601888e-70
IRF1	4.84552044584609e-74	-0.33611442519837165	0.417	0.517	1.1770738267049322e-69
HSPA5	7.914198715627483e-74	-0.4659488729990584	0.381	0.468	1.9225171520002282e-69
SAMD9L	1.672498760044563e-73	-0.47230577234492643	0.246	0.336	4.062833987900252e-69
PRDX5	7.511841213876153e-73	-0.5427082328329487	0.191	0.276	1.8247764676747951e-68
RPL35	5.252056288089293e-72	0.3058232809311954	0.714	0.653	1.2758295135026511e-67
HSP90B1	8.339524003687316e-72	-0.3676740022427769	0.468	0.558	2.0258371709757228e-67
DRAP1	7.834758120237176e-71	-0.500040208490021	0.216	0.302	1.9032194425680149e-66
RNF213	8.044653273111437e-71	-0.30143461055592535	0.503	0.598	1.9542071731042303e-66
PDIA3	4.991729301776564e-70	-0.4462702064559909	0.327	0.418	1.212590881987563e-65
HCP5	1.5608631152403e-69	-0.46445379503670847	0.262	0.351	3.7916486795417366e-65
FAM49B	1.893648569746611e-69	-0.5190511789900762	0.22	0.304	4.600051105628467e-65
PARVG	2.392533118548822e-69	-0.5558111166545882	0.171	0.25	5.811941451578798e-65
FAM102A	6.007167152839775e-69	0.48256085715352653	0.299	0.22	1.4592610447678381e-64
HLA-F	7.660321448301923e-69	-0.3274063142676442	0.569	0.652	1.8608452862215032e-64
SNHG8	1.2054838104671725e-68	0.6078416136964925	0.254	0.18	2.9283612723868555e-64
RPL6P27	1.30092714295282e-68	0.44246502217824535	0.474	0.402	3.1602122156609905e-64
SHISA5	2.8972093636635415e-68	-0.37103537883155924	0.382	0.472	7.037900986211476e-64
RPS15	3.731062795943742e-68	0.2870552982648453	0.736	0.684	9.063497743906538e-64
AL031727.1	4.177281830588865e-68	0.4977831486289236	0.374	0.296	1.0147453022866471e-63
CAPZA1	5.112870841304546e-68	-0.3152243189169268	0.544	0.619	1.2420185847697003e-63
ADD3	6.3628189962803145e-68	0.45619341905544375	0.397	0.315	1.545655990576414e-63
UBB	7.688252859696779e-68	-0.29314212870185763	0.678	0.732	1.8676303846775415e-63
DEK	1.9112305979231076e-67	-0.4169648017805452	0.385	0.463	4.642761368474813e-63
MAPRE2	2.40266719024625e-67	-0.5150251084268637	0.214	0.297	5.836559138546191e-63
PDE4B	2.3103803498446014e-66	0.6005586261267829	0.285	0.211	5.612375945842506e-62
PARP8	3.071701234650583e-65	-0.4450183772957818	0.212	0.296	7.461776639213196e-61
RHOA	7.360049809110131e-65	-0.2690532463747095	0.643	0.7	1.7879032996290332e-60
NAA50	1.2274508862728022e-64	-0.5708133091458705	0.178	0.254	2.981723692933891e-60
TPI1	7.022203248484148e-64	-0.4846104258685271	0.392	0.461	1.7058336131217692e-59
CREM	1.4139660205150181e-63	0.5766089403342178	0.306	0.233	3.434806257035082e-59
AKNA	1.5661665374831833e-63	-0.35161608427127566	0.474	0.558	3.804531752854149e-59
HECA	2.534331885334618e-63	0.539499374838083	0.297	0.224	6.156399015854854e-59
AC116533.1	3.06679248582531e-63	0.49296956641924694	0.366	0.295	7.449852306566843e-59
ARHGDIA	3.2626483529420754e-63	-0.37054397635675396	0.374	0.458	7.9256253789668895e-59
RGS1	6.608660814738815e-63	0.4035708230637223	0.66	0.601	1.605375885116353e-58
DBI	2.4662077518683596e-62	-0.5436219008565589	0.19	0.266	5.9909118708386194e-58
RBPJ	3.689403366474661e-61	-0.5178885533715023	0.366	0.433	8.962298657840246e-57
ITGAL	6.963732811008127e-61	-0.3404565444010379	0.433	0.517	1.6916299744500943e-56
HMGN2	9.170120011368449e-61	-0.5491128048499836	0.494	0.544	2.2276055531616237e-56
RPS7	9.902600623128588e-61	0.2570100265080928	0.734	0.685	2.405539743370397e-56
RGS10	1.1221539115723916e-60	0.5630479711198454	0.292	0.224	2.7259362819916535e-56
IFI16	1.976260048067054e-60	-0.2957733577181276	0.52	0.591	4.800730908764487e-56
ARHGAP9	2.8113685871871336e-60	-0.38702222648517215	0.35	0.433	6.829376571994985e-56
EIF4B	4.588826338423554e-60	0.30995764132439363	0.576	0.512	1.1147176941298497e-55
PDE3B	4.806155290970131e-60	0.6456139120435612	0.29	0.224	1.1675112432824642e-55
LAPTM5	7.187289354869406e-60	0.28108365645871247	0.701	0.652	1.745936330084876e-55
CCNI	7.577466701310689e-60	0.2506406496955518	0.739	0.686	1.8407182110823926e-55
LBR	8.594962237324278e-60	-0.41001452900721946	0.3	0.381	2.0878882266908134e-55
LGALS3	2.508300838801321e-59	-0.4471294615211102	0.2	0.277	6.093164397616169e-55
PPP1CB	3.4315062350339386e-59	0.5249009240229571	0.334	0.265	8.335814946144443e-55
UBE2L6	5.738080615193247e-59	-0.48451115839727515	0.187	0.261	1.3938945430427436e-54
NACA	7.58246469432219e-59	0.2934261926828423	0.658	0.603	1.8419323235447464e-54
CYTIP	1.4984444313580485e-58	0.46073286000318614	0.403	0.333	3.6400212126549716e-54
PDCD1	1.8258212971100653e-58	-0.3746657146720107	0.175	0.25	4.4352850949397705e-54
APOL6	2.9944181442098028e-58	-0.38571985363899874	0.327	0.412	7.274040555914453e-54
PNRC1	6.731896667742279e-58	0.2658023840745285	0.676	0.612	1.6353123385279544e-53
ARL6IP1	7.076060723267289e-58	-0.5505917738408646	0.306	0.379	1.7189166708960897e-53
PDIA6	1.7256758417298652e-57	-0.43502572921634286	0.257	0.336	4.1920117547301885e-53
RPL10P3	6.124528689281862e-57	0.5990974874032029	0.255	0.189	1.48777050920035e-52
DDIT4	1.2276893141269327e-56	0.5191686635456969	0.449	0.386	2.982302881877145e-52
XAF1	3.2114829252334216e-56	-0.2997996010119133	0.333	0.421	7.801334321977028e-52
HERPUD1	8.939615491134876e-56	-0.49926209711151526	0.225	0.299	2.171611395106484e-51
INPP5D	1.2069575400395498e-55	-0.39703914875490653	0.255	0.335	2.9319412562640745e-51
MIDN	1.4141078164034057e-55	-0.5189619955952058	0.193	0.264	3.435150707607153e-51
RPS27AP16	1.735181732718979e-55	0.5268871872905523	0.305	0.238	4.215103465120944e-51
ARF6	1.1057584156937231e-54	-0.26735153118990973	0.502	0.581	2.6861083434031923e-50
PPP1R18	1.6482728966608028e-54	-0.2850150918564194	0.491	0.574	4.0039845205684223e-50
TENT5C	1.7550171402061612e-54	0.5542325798137033	0.301	0.233	4.263287636988807e-50
HNRNPAB	3.0260656503616875e-54	-0.4910104906618874	0.203	0.273	7.350918677858611e-50
RSL1D1	4.8974335849304124e-54	0.5110584654126693	0.314	0.247	1.1896845664512957e-49
R3HDM4	1.9909028883247407e-53	0.5635289511180277	0.257	0.194	4.83630129631846e-49
EPB41	3.337681997097413e-53	0.517314157374379	0.257	0.191	8.107897107349036e-49
KRAS	1.0157686680672229e-52	-0.4444100482607762	0.208	0.281	2.4675052484688977e-48
RPL37P6	4.89191424988049e-52	0.4908018147841476	0.323	0.259	1.1883438095809685e-47
LDHB	5.4498348120239684e-52	0.6071049536663204	0.258	0.198	1.3238738725368623e-47
GPSM3	5.612352648348984e-52	0.37076875861782876	0.456	0.39	1.3633527053369353e-47
SET	9.03423786694134e-52	-0.25903853061478843	0.598	0.652	2.19459706263739e-47
PPDPF	1.0619678850150632e-51	-0.32354670979906475	0.471	0.541	2.579732386278592e-47
ISCU	3.8047311261259806e-51	0.4486980641645699	0.359	0.296	9.242452851585232e-47
GAS5	3.2326228723129074e-50	0.44326888559302724	0.343	0.278	7.852687481422515e-46
PSMB8	5.372003904911965e-50	-0.4154244005696721	0.231	0.304	1.3049671885812145e-45
PSME1	1.0569990329717005e-49	-0.3136176611477457	0.376	0.456	2.567662050894855e-45
EVI2A	4.4173371838221014e-49	0.5247958004080494	0.26	0.2	1.0730595486940649e-44
NCOR1	1.6761710922127697e-48	-0.3908331546138577	0.267	0.342	4.0717548172032603e-44
CAPNS1	8.77692013577432e-48	-0.345612565311588	0.349	0.424	2.132089439382298e-43
HERPUD2	1.921401395239989e-46	-0.4019922984446833	0.241	0.311	4.6674682693169815e-42
KLF2	3.4493650800256754e-46	0.46761463107446133	0.334	0.269	8.379197652398371e-42
WNK1	4.523870943043667e-46	-0.28179354688973257	0.501	0.572	1.0989387294841676e-41
ARPC5	5.275036019561214e-46	-0.30364691619485074	0.463	0.524	1.28141174987181e-41
ENSA	8.631768651795561e-46	-0.3666302219285089	0.256	0.328	2.0968292408941777e-41
MOB1A	1.1242445500337447e-45	-0.3482245592492803	0.343	0.415	2.7310148609419725e-41
ITM2B	1.498734647404232e-45	0.2602504327915578	0.654	0.608	3.6407262054743605e-41
PSMA4	1.2025918421625166e-44	-0.3979943085514344	0.199	0.265	2.9213361029811856e-40
POMP	3.851523681504777e-44	-0.3875142856979087	0.213	0.28	9.356121327111405e-40
PLEKHA2	5.76812204583399e-44	-0.3711381091663064	0.261	0.33	1.401192207373993e-39
FOSB	6.658613848559421e-44	0.3747799289727709	0.555	0.496	1.6175104760920545e-39
EVL	6.904734708158231e-44	-0.29247906593074524	0.447	0.521	1.6772981553057976e-39
NUCKS1	1.9803013938335485e-43	-0.30596035468009863	0.464	0.52	4.810548145900456e-39
TMX4	2.200113747827404e-43	-0.30919558331925834	0.308	0.384	5.34451631622233e-39
EEF1D	6.0145887658853946e-43	0.25240471839979506	0.675	0.633	1.4610639030088802e-38
CSDE1	1.522978694812655e-42	0.2527176168402332	0.58	0.525	3.699619845438901e-38
NFKBIZ	1.0197045799643043e-41	0.4189015887391092	0.259	0.2	2.477066365649288e-37
PSMB2	1.376913914419408e-41	-0.3952148026010879	0.217	0.281	3.3447992809076257e-37
C19orf66	1.4457207932651074e-41	-0.38628067489745577	0.242	0.308	3.511944950999599e-37
PFDN5	2.134973998954042e-41	0.2658808880360626	0.53	0.473	5.186278838259159e-37
PPP1R12A	2.5330377526071384e-41	-0.30846119142570605	0.364	0.436	6.1532553086332605e-37
DHRS7	3.4937252474290574e-41	-0.33487225803700615	0.273	0.342	8.486957371054666e-37
GBP4	5.427016361409225e-41	-0.3138444763576519	0.249	0.32	1.3183308145135288e-36
PPP1CA	1.986300615724398e-40	-0.3881486565840071	0.205	0.269	4.8251214557177076e-36
PRKCH	2.4185489451591115e-40	-0.2944298192174515	0.374	0.444	5.875139097580513e-36
TUBB	3.8706299937365e-40	-0.9401250063597724	0.331	0.377	9.402534380784706e-36
PARP14	4.352442028573659e-40	-0.39047338386658653	0.2	0.262	1.0572952175811133e-35
GRK2	5.313425198465369e-40	-0.2645778419276221	0.408	0.48	1.2907372492112074e-35
ATP6V1G1	1.812433466280417e-39	0.428765462653225	0.287	0.231	4.402763376288389e-35
TUBA1B	2.7613670738223995e-39	-0.989238617439304	0.3	0.346	6.707912895729373e-35
S100A6	2.7909110620436946e-39	-0.26163750909232464	0.444	0.51	6.779681151916543e-35
FOXP1	9.307236023995092e-39	0.47048008052023305	0.29	0.236	2.2609137749488877e-34
SLC25A6	3.3380069750733214e-38	0.3090364350392236	0.474	0.419	8.108686543848113e-34
CHD3	3.597261243207882e-38	0.4814244949209927	0.26	0.207	8.738467012000588e-34
SPTAN1	3.868913181768384e-38	0.3464418359626087	0.401	0.345	9.398363901151759e-34
CIRBP	3.9310644036439085e-38	0.30185446178828523	0.494	0.442	9.549341649331782e-34
RNF167	6.220589654962227e-38	-0.32087078904925415	0.251	0.317	1.5111056389834242e-33
RBCK1	7.044653660709468e-38	-0.4033914116430871	0.207	0.266	1.711287267259544e-33
RIPOR2	1.0317435327535747e-37	0.3112226404042552	0.329	0.266	2.5063113897649837e-33
SRSF9	1.4351436081629696e-37	-0.37341637094607205	0.217	0.279	3.4862508529494856e-33
SAT1	3.60993020365985e-37	0.4966165399784064	0.409	0.361	8.769242450730507e-33
RPL15P3	1.0713598760604004e-36	0.31925859053885963	0.459	0.407	2.602547410925925e-32
AC007969.1	2.681759945350502e-36	0.26375651886015783	0.546	0.494	6.514531259245439e-32
RYBP	4.1787900628448e-36	0.5548084627077583	0.269	0.22	1.0151116820662588e-31
H2AFZ	1.1099988623948972e-35	-0.4151785931626957	0.291	0.344	2.696409236529684e-31
SURF4	1.1354073443552542e-35	-0.3355823931745774	0.263	0.325	2.7581315209077834e-31
BUB3	1.5662686150750992e-35	-0.26712927247022344	0.368	0.432	3.804779719740431e-31
KLF6	3.4926953677262146e-35	0.36816084080338873	0.758	0.744	8.48445558728052e-31
MGAT1	4.405535263641281e-35	-0.35649269983414694	0.193	0.251	1.07019262624374e-30
PSIP1	7.196182201850405e-35	0.3596794567593775	0.385	0.331	1.7480965804735002e-30
SPCS2	1.314006111289434e-34	-0.3464260513149427	0.212	0.27	3.1919836455442925e-30
RPS26	1.3981797028725543e-34	0.2807794418113425	0.67	0.639	3.396458134218009e-30
TSPYL2	1.88438917756364e-34	0.3377668838071767	0.296	0.24	4.577558190137594e-30
GPI	3.4946664584864225e-34	-0.34164676493931545	0.291	0.353	8.489243760955218e-30
EMP3	5.010280908021305e-34	-0.25994187777637423	0.339	0.405	1.2170974381765354e-29
NFATC2	1.0654955582447517e-33	-0.4068840013631547	0.262	0.316	2.588301810088151e-29
GPRIN3	2.711318633941088e-33	0.3067151292934571	0.492	0.445	6.586335225569691e-29
MYADM	4.487337107025292e-33	-0.3112141300393887	0.236	0.295	1.0900639300385839e-28
CHCHD2	5.70750134430698e-33	-0.2746107784659364	0.384	0.439	1.3864662265590516e-28
RHOG	6.458808854135247e-33	0.38320742193084845	0.361	0.313	1.568973846846534e-28
BZW1	1.1954425049036984e-32	-0.29531234491689573	0.268	0.329	2.903968932912064e-28
BANF1	1.5485916461418256e-32	-0.3079871153084873	0.271	0.331	3.761838826807723e-28
VASP	1.756307751126248e-32	-0.3532698287341379	0.201	0.257	4.266422789035882e-28
VMP1	7.129556273964724e-32	0.3987377898923563	0.352	0.304	1.731911810071511e-27
CANX	9.373754114242796e-32	-0.2597229548184514	0.388	0.448	2.27707234943186e-27
GATA3	1.4140656993475305e-31	0.5327499362818167	0.256	0.21	3.435048396855021e-27
TMEM50A	1.5096439384526045e-31	-0.2634920907529208	0.339	0.402	3.6672270552890666e-27
SRI	1.7162518225475321e-31	-0.31079135852517276	0.199	0.254	4.169118927332465e-27
STX16	4.557012266079621e-31	0.37645177262258017	0.293	0.244	1.1069894196760615e-26
ARPC4	5.024744202291276e-31	-0.25222123841882094	0.36	0.421	1.2206108616205967e-26
SLC25A5	7.0339088455856985e-31	-0.3613621274196911	0.255	0.307	1.708677136769678e-26
RHOH	8.66545638263457e-31	0.33018265567910365	0.34	0.288	2.1050126644695895e-26
ATP5ME	1.0376099110607367e-30	-0.29651034339453586	0.257	0.315	2.5205619959487417e-26
PGAM1	1.2019985019826186e-30	-0.3441360886575905	0.227	0.282	2.919894761016177e-26
UBE2L3	1.3926430432290113e-30	-0.2958639815738475	0.253	0.312	3.383008480611914e-26
HMGA1	3.73806077408422e-30	-0.36653479300424646	0.209	0.262	9.080497232405386e-26
EIF3H	3.836692233490295e-30	0.2740297153153659	0.483	0.44	9.320092773594624e-26
SMDT1	5.9485457631396705e-30	0.4312897018574545	0.253	0.208	1.4450207367818888e-25
UTRN	1.5715064596454824e-29	-0.3309098506750101	0.262	0.317	3.817503491770806e-25
TUBA4A	2.3626460089003048e-29	-0.381466946141769	0.222	0.275	5.739339684820621e-25
YPEL5	2.4654927727439168e-29	0.27706898138385916	0.413	0.361	5.989175043549523e-25
HDGF	2.754192111080748e-29	-0.3136186490546139	0.3	0.352	6.6904834762373535e-25
MBP	2.9499271810112395e-29	-0.3061901278492818	0.344	0.401	7.1659631081125025e-25
AL355309.1	3.153135702978374e-29	0.2960618268665911	0.399	0.351	7.659597249675066e-25
NORAD	3.559800220346971e-29	0.36304069185011223	0.304	0.257	8.6474666952668609e-25
GMFG	4.3438517402811053e-29	0.3023705520467799	0.386	0.339	1.0552084647490861e-24
PTBP3	5.495117527762215e-29	-0.25336477014901715	0.395	0.454	1.3348739498439971e-24
TAPBP	7.006379396050241e-29	-0.26785990391781245	0.369	0.428	1.7019896828885246e-24
ATP5MC3	7.936597373126397e-29	-0.2848221900121244	0.305	0.36	1.9279582338798644e-24
SLC3A2	8.014420686682293e-29	-0.34864564675767173	0.213	0.265	1.9468630732088628e-24
MTPN	8.57790397950329e-29	-0.2566971337060291	0.348	0.407	2.0837444347009392e-24
CLEC2D	9.723766239931199e-29	-0.26333765977245194	0.408	0.464	2.3620972950040868e-24
RNF187	1.9007597298094827e-28	-0.3031841097452014	0.209	0.262	4.617325535653195e-24
AP2B1	3.3222562223727755e-28	-0.32053526961060524	0.219	0.272	8.070424815387946e-24
COMMD6	3.7889995352723427e-28	0.27890023392704166	0.452	0.409	9.204237671083574e-24
JAK3	4.908201327879347e-28	0.33838933819280204	0.329	0.281	1.192300266568451e-23
RAB8B	5.706954229871934e-28	-0.30495246110892815	0.234	0.286	1.3863333215204902e-23
NIN	6.883986227357983e-28	-0.29518763161865463	0.207	0.258	1.6722579343498013e-23
CTDSP1	6.932350055673518e-28	-0.2998400883529018	0.236	0.29	1.684006475524211e-23
CYFIP2	8.932215700798437e-28	-0.2540197463531402	0.312	0.37	2.1698138380379563e-23
CREBRF	1.8211403126019146e-27	0.3389999047257396	0.272	0.223	4.4239140473725706e-23
PAK2	1.850466668108124e-27	0.27822277609715607	0.442	0.398	4.495153630168255e-23
ANXA6	3.38760182493527e-27	-0.25162409254424534	0.314	0.37	8.229162353132758e-23
GSTK1	3.412659988688322e-27	0.2711937545493075	0.426	0.381	8.290033644521672e-23
YPEL3	3.712627918695477e-27	0.25873612726693174	0.427	0.379	9.018715740095052e-23
DYNLL1	3.8528356336553275e-27	-0.3243823979361662	0.242	0.294	9.359308321275521e-23
SNRPB	4.657807207801649e-27	-0.2887527819942195	0.275	0.329	1.1314745269191765e-22
MAX	8.967352711298376e-27	0.3728890802253307	0.254	0.21	2.1783493206286017e-22
SBDS	2.9007959187091985e-26	0.3335595733126475	0.269	0.224	7.046613445728385e-22
HSPA1A	3.47666391700563e-26	-0.37098196355824253	0.59	0.619	8.445511987190076e-22
STK17A	1.499120195199584e-25	-0.30015160947663533	0.265	0.317	3.641662778178829e-21
STK24	1.643485939197536e-25	0.3601217373740137	0.303	0.26	3.9923560434986545e-21
CD6	1.9113085152326259e-25	0.3754038103124513	0.264	0.222	4.642950645203095e-21
LNPEP	3.1386526821480406e-25	-0.27998537075502794	0.289	0.342	7.62441509547402e-21
ANAPC16	4.714066383338911e-25	0.3451850382420905	0.299	0.255	1.1451410058406883e-20
PARK7	5.259951710167253e-25	-0.2522479526945477	0.288	0.34	1.277747469433829e-20
DDX21	5.400783796121862e-25	0.3599906600304714	0.306	0.263	1.3119583997539227e-20
BIN2	5.469359165300371e-25	-0.3523110296741242	0.209	0.255	1.328616728434766e-20
ELOVL5	9.500706562330344e-25	0.3745101881852855	0.278	0.237	2.307911638121287e-20
SELPLG	1.2940049370797197e-24	-0.29943412731188135	0.237	0.287	3.143396793154055e-20
CASP4	1.2978995564199175e-24	-0.2513421127736052	0.258	0.312	3.1528576024552634e-20
KAT6A	4.981125520277997e-24	0.32780297651183044	0.316	0.272	1.210015011385931e-19
STK10	5.3998888334529086e-24	-0.307820183901789	0.218	0.265	1.3117409954223805e-19
ST13	8.06359426826993e-24	0.31061729764422497	0.335	0.293	1.9588083196481312e-19
STAT5B	9.109735698129742e-24	0.3075551231960022	0.304	0.261	2.212936995789677e-19
TPP1	1.169569236473649e-23	0.328507291204323	0.375	0.335	2.841117589241788e-19
CNBP	5.461595143951541e-23	0.25321776391084483	0.42	0.378	1.3267306923687083e-18
PSD4	7.44153176543319e-23	-0.2743700748473158	0.244	0.292	1.8076968964590306e-18
ZC3H6	7.916520663089607e-23	0.32572872089178817	0.271	0.228	1.9230811994777274e-18
ATP5PF	8.628799776009304e-23	-0.2663204002657249	0.211	0.259	2.0961080415881802e-18
PHF3	1.1129253239017881e-22	0.32842144763884784	0.316	0.274	2.7035181968222237e-18
RAPGEF1	1.7761211404146893e-22	-0.27575011102740654	0.22	0.268	4.314553474295363e-18
RPL26P19	4.704027519905059e-22	0.32642111553418374	0.319	0.279	1.1427023651353369e-17
SRSF4	4.9709373836973025e-22	-0.25234742733331483	0.257	0.306	1.2075401092477487e-17
CITED2	8.851783377158632e-22	0.4433200789919889	0.294	0.257	2.150275217979375e-17
PHLDA1	1.1038971350482196e-21	-0.31279796495540535	0.218	0.261	2.681586920459135e-17
CCT2	1.7316576306358308e-21	-0.25458899481125014	0.208	0.254	4.20654271634056e-17
ZC3HAV1	2.7068863395474378e-20	0.26990714851257636	0.418	0.381	6.575568296028636e-16
NCOA3	3.344440324451408e-20	0.30688841464918293	0.276	0.236	8.124314436157361e-16
RPS6KA3	3.36460028984807e-20	0.29409962794608746	0.387	0.352	8.173287024098931e-16
SNHG5	3.445871011829085e-20	0.26700658820448253	0.337	0.297	8.370709861935212e-16
C6orf48	4.769117900665967e-20	0.2920409628779491	0.33	0.292	1.1585141204297768e-15
CHD1	1.08682670693178e-19	0.33131962988967983	0.266	0.23	2.6401194364786796e-15
HIF1A	1.7137331602462105e-19	0.34252728099241403	0.311	0.277	4.163000592870094e-15
PTGER4	2.639265231784493e-19	0.4917841992663141	0.274	0.243	6.411303101050891e-15
CAB39	7.108055407665713e-19	0.27255860892329464	0.34	0.305	1.726688819630155e-14
DNMT1	2.1150545008621825e-18	-0.2535432656205686	0.241	0.283	5.1378903934944136e-14
UCP2	6.027382668934095e-18	0.39560521805279514	0.488	0.465	1.4641717979374705e-13
DUT	8.83766754527636e-18	-0.39748231575603976	0.221	0.255	2.1468462000985334e-13
STAT1	2.057160056953892e-17	0.2943484639880867	0.453	0.425	4.997253210352395e-13
SNRPG	6.814804908022281e-17	-0.25601725272394116	0.236	0.276	1.6554524082567724e-12
CDV3	3.8378377013809746e-16	0.2548822140912883	0.345	0.313	9.322875344194663e-12
AL590867.2	1.0284341582193938e-14	0.2637539479142884	0.325	0.294	2.4982722571465515e-10
C12orf57	1.3392466214807006e-14	0.3006016412420001	0.264	0.234	3.253297892900918e-10
NSD3	1.4877249182986017e-14	0.2521563131621759	0.35	0.321	3.613981371530963e-10
GDI1	1.4927138223828885e-14	0.25974507877190944	0.321	0.29	3.626100417332513e-10
EIF3F	1.8286665796190948e-14	0.28141486696896423	0.278	0.249	4.442196855210705e-10
ZFAND5	4.941089264321871e-14	0.29524756650761763	0.272	0.243	1.200289404089069e-9
ZFP36	1.4911823997803005e-13	0.28255406938282235	0.702	0.714	3.622380285546306e-9
PPP1CC	1.6769874439312522e-13	0.2941928858425147	0.322	0.297	4.073737898797798e-9
OSBPL8	4.518530342216208e-13	0.2954940822867048	0.326	0.301	1.0976413907311611e-8
BAZ1A	5.70790291730299e-12	0.2640715818896626	0.295	0.268	1.3865637766712422e-7
TMPO	2.7555445048952003e-11	-0.2513040883170554	0.227	0.255	6.693768711291421e-7
HSPB1	4.0515505779318245e-11	-0.3452519771627247	0.367	0.394	9.842026663911987e-7
CSTB	9.580352826732721e-11	-0.3590826440178978	0.322	0.353	2.3272593086699128e-6
RABGAP1L	1.666254294461698e-10	0.26645727627495536	0.266	0.243	4.047664932106357e-6
TRBC1	1.0942432399918805e-9	0.2800161822700731	0.523	0.516	2.658135678588276e-5
USF2	1.0235695904675399e-8	0.2553121165770584	0.253	0.233	2.486455249163748e-4
FAM129A	3.512588993486829e-7	0.2590269529860445	0.351	0.34	0.008532781182978205
HSPH1	4.5519619793365527e-7	-0.4659439032187245	0.359	0.381	0.011057626040204353
PRDM1	0.06109370951227986	0.28879288814534165	0.444	0.466	1
